id;title;path
0000EFE7;随机事件的概率：0<p(A)<1;/统计与概率/概率的意义与定义/随机事件的概率：0<p(A)<1
002D1E57;实数与向量相乘;/图形的变化/平面向量/平面向量的线性运算/实数与向量相乘
00462BF3;多边形的外角和;/三角形/多边形及其内角和/多边形的外角和
0049419F;判断点与圆的位置关系;/圆/与圆有关的位置关系/点与圆位置关系/判断点与圆的位置关系
0054655C;二次根式根号下的化简;/数与式/实数的运算/二次根式/二次根式根号下的化简
006FD5B1;总体、个体与样本的概念;/统计与概率/数据的收集/抽样调查/总体、个体与样本的概念
0075DEB1;加减乘除混合;/数与式/实数的运算/实数混合运算/加减乘除混合
00E5FEC2;加减乘方混合;/数与式/实数的运算/实数混合运算/加减乘方混合
01CA2CB5;性质;/函数/一次函数/正比例函数/性质
0237D42C;与圆有关的性质;/圆/与圆有关的性质
0272552E;一元一次方程的定义;/方程与不等式/一元一次方程/一元一次方程的定义
028BF90D;根据具体情况，选择合适的统计量表示数据的集中程度;/统计与概率/一组数据的代表/根据具体情况，选择合适的统计量表示数据的集中程度
02946379;b>0,图象与y轴交于正半轴;/函数/一次函数/一次函数的图象/b的几何特征/b>0,图象与y轴交于正半轴
029E5F2E;菱形的性质;/四边形/菱形/菱形的性质
02A2FCF9;随机事件的列举与识别;/统计与概率/随机事件、必然事件和不可能事件/列举与识别三类事件/随机事件的列举与识别
02AAB98E;方案问题;/函数/一次函数/能用一次函数解决简单实际问题/方案问题
02ACA177;对称轴;/图形的变化/图形的轴对称/轴对称有关概念/对称轴
02AFE0D6;反证法的含义;/图形的初步认识/命题与证明/证明方法/反证法的含义
02BF642D;反比例函数的概念;/函数/反比例函数/反比例函数的概念
02D85AF0;正比例函数解决实际问题;/函数/正比例函数/正比例函数解决实际问题
034C7890;垂线与垂线段;/图形的初步认识/垂线与垂线段
035E6497;实数的运算解决简单应用问题;/数与式/实数的运算/实数的运算解决简单应用问题
036365F5;两角分别相等的两个三角形相似。;/三角形/相似三角形/相似三角形的判定/两角分别相等的两个三角形相似。
04649037;配套问题;/方程与不等式/一元一次方程/一元一次方程解决实际问题/配套问题
0481936C;应用基本性质进行分式变形;/数与式/分式/分式的基本性质/应用基本性质进行分式变形
0488914F;三角形的重心;/三角形/三角形概念与基本性质/三角形的三心/三角形的重心
04AAFD35;等腰三角形的判定;/三角形/等腰三角形/等腰三角形的判定
04D865D5;锐角三角函数的概念及简单应用;/三角形/直角三角形/直角三角形的性质/锐角三角函数的概念及简单应用
04F2237E;在第一三象限角平分线上，x=y;/函数/直角坐标系/平面直角坐标系的有关概念/象限角平分线上的点P(x,y)的坐标特征/在第一三象限角平分线上，x=y
05327706;抛物问题;/方程与不等式/一元二次方程/一元二次方程的实际应用/抛物问题
05716C11;含参一元二次方程;/方程与不等式/一元二次方程/含参一元二次方程
05A4F070;求实数的相反数;/数与式/实数有关概念/相反数/求实数的相反数
05E18FFF;c>0,与y轴交于正半轴;/函数/二次函数/二次函数图象与系数的关系/c的几何意义(与y轴的交点)/c>0,与y轴交于正半轴
05ECF6DB;几何图形找规律;/数与式/代数式/列代数式表示简单数量关系/几何图形找规律
064CE5BE;分式的概念;/数与式/分式/分式的概念/分式的概念
06C8921B;求含两根代数式的值;/方程与不等式/一元二次方程/一元二次方程根与系数的关系/求含两根代数式的值
06D2B683;分数运算的应用;/数与式/实数有关概念/分数/分数运算的应用
06D929BB;k>0，图象从左向右上升;/函数/正比例函数/正比例函数图象特征/k>0，图象从左向右上升
071FFB71;测高;/三角形/直角三角形/锐角三角函数的实际应用/测高
07350C04;扇形图;/统计与概率/数据的整理与描述/扇形图
07849AAC;用一元二次方程的根的情况判断二次函数图象与x轴交点的情况;/函数/二次函数/二次函数与一元二次方程之间的关系/用一元二次方程的根的情况判断二次函数图象与x轴交点的情况
0791A6DC;三角形的中线;/三角形/三角形概念与基本性质/三角形中的重要线段/三角形的中线
07A2D8AB;n次方根;/数与式/实数的运算/实数的开方/n次方根
07AD503D;对称性：中心对称、轴对称（对称轴为对边中垂线）;/四边形/矩形/矩形的性质/对称性：中心对称、轴对称（对称轴为对边中垂线）
082CEBBC;整除;/数与式/实数有关概念/数的乘除/整除
083FF320;坐标系中，两点之间距离;/函数/直角坐标系/平面直角坐标系的有关概念/坐标系里的距离问题/坐标系中，两点之间距离
085E84FF;一元二次方程根与系数的关系;/方程与不等式/一元二次方程/一元二次方程根与系数的关系
08670BEE;菱形的定义;/四边形/菱形/菱形的定义
086F4B8C;根据实际问题确定二次函数解析式;/函数/二次函数/二次函数的解析式/根据实际问题确定二次函数解析式
088BF407;一次函数图象与一元一次不等式的解集的关系;/函数/一次函数/一次函数与方程，不等式之间的关系/一次函数图象与一元一次不等式的解集的关系
089317C5;空间位置关系;/图形的初步认识/空间位置关系
08A9EFC9;总体、个体与样本的有关概念;/统计与概率/数据的收集/抽样调查/总体、个体与样本的有关概念
08AC36CA;纯数学问题;/数与式/多项式因式分解/因式分解解决简单应用问题/纯数学问题
08E66BD6;航海;/三角形/直角三角形/锐角三角函数的实际应用/航海
0922C88C;等边三角形面积公式;/三角形/三角形面积/等边三角形面积公式
092CD31E;a>0,有最小值;/函数/二次函数/二次函数的性质/最值问题/a>0,有最小值
092D219E;分数的除法;/数与式/实数有关概念/分数/分数的除法
094581CC;"已知自变量的值, 会求函数值";"/函数/变量与函数/函数与其图象上点的坐标的关系/已知自变量的值, 会求函数值"
098F8345;乘除乘方混合;/数与式/实数的运算/实数的混合运算/乘除乘方混合
09B33C88;频数与频率（百分比）的概念与性质;/统计与概率/频数与频率（百分比）的概念与性质
09C59112;反比例函数与圆的综合;/函数/反比例函数/反比例函数与几何图形的综合/反比例函数与圆的综合
09F1EAE5;k<0，y随x的增大而减小;/函数/一次函数/一次函数的性质/k<0，y随x的增大而减小
0A06B8D8;轴对称;/函数/反比例函数/反比例函数的性质/对称性/轴对称
0A64BA3E;实数的乘方;/数与式/实数的运算/实数的乘方
0AB82347;代数式;/数与式/代数式
0ACD31A9;最小公倍数;/数与式/实数有关概念/数的乘除/最小公倍数
0B5FBBA8;求一个实数的立方根;/数与式/实数的运算/实数的开方/立方根/求一个实数的立方根
0B6979EB;整式的乘除混合运算;/数与式/整式/整式的混合运算/整式的乘除混合运算
0B828B3A;最优化问题;/函数/二次函数/用二次函数解决简单的实际问题/最优化问题
0BBBD022;三角形的角平分线;/三角形/三角形概念与基本性质/三角形中的重要线段/三角形的角平分线
0BFA9CD4;同位角相等，两直线平行;/图形的初步认识/平行线/平行线的判定/同位角相等，两直线平行
0C0C1DB5;根据实际问题确定反比例函数解析式;/函数/反比例函数/反比例函数的解析式/根据实际问题确定反比例函数解析式
0C0FB560;列出所有等可能的结果;/统计与概率/概率的计算与应用/列举法计算概率/列出所有等可能的结果
0C26777E;AAS;/三角形/全等三角形/三角形全等的判定/AAS
0C818585;垂线，垂线段的概念;/图形的初步认识/垂线与垂线段/垂线，垂线段的概念
0CAAB52D;两个角的和等于90°称为互为余角;/图形的初步认识/角/互为余角的概念与性质/两个角的和等于90°称为互为余角
0CB75A80;列代数式表示简单数量关系;/数与式/代数式/列代数式表示简单数量关系
0CFB7E54;向量加法的平行四边形法则;/图形的变化/平面向量/平面向量及其加减/向量加法的平行四边形法则
0D5E5803;乘法交换律;/数与式/实数的运算/实数的运算律/乘法交换律
0D715C3E;中位数意义与求法;/统计与概率/一组数据的代表/中位数意义与求法
0DFA8F4B;点，线，面，体的概念;/图形的初步认识/点，直线，平面，几何体/点，线，面，体的概念
0E48AE51;会画数轴;/数与式/实数有关概念/数轴/会画数轴
0E5A1BA2;行程问题;/方程与不等式/一元一次不等式/一元一次不等式与实际问题/行程问题
0E6B1E65;知道原命题成立其逆命题不一定成立;/图形的初步认识/命题与证明/原命题和逆命题/知道原命题成立其逆命题不一定成立
0E937ACD;两组对边分别平行;/四边形/正方形/正方形的性质/两组对边分别平行
0ED8410B;沿y轴方向上下平移;/函数/一次函数/一次函数的图象/一次函数的平移/沿y轴方向上下平移
0EF1D0EA;最大公因数;/数与式/实数有关概念/数的乘除/最大公因数
0F5F20A7;解分式方程;/方程与不等式/分式方程/解分式方程
0FA8C5B5;无理方程;/方程与不等式/无理方程
0FFC9070;第一象限（+，+）;/函数/直角坐标系/平面直角坐标系的有关概念/各个象限内点的坐标的符号特征/第一象限（+，+）
1065D897;会将一般式化为顶点式（配方法，公式法）;/函数/二次函数/会将一般式化为顶点式（配方法，公式法）
109D1FA3;直角三角形的性质;/三角形/直角三角形/直角三角形的性质
1124000E;用待定系数法确定一次函数解析式;/函数/一次函数/一次函数解析式/用待定系数法确定一次函数解析式
1137D78D;加法交换律;/数与式/实数的运算/实数运算律/加法交换律
114EC5EF;线段的中点;/图形的初步认识/线/线段/线段的中点
11630D9F;三角形概念与基本性质;/三角形/三角形概念与基本性质
117B5D60;若垂直，则k1k2=-1;/函数/一次函数/一次函数的图象/直线y=k1x+b1与y=k2x+b2/若垂直，则k1k2=-1
118B71D9;一元一次方程的解;/方程与不等式/一元一次方程/一元一次方程的解
11945B48;反比例函数与四边形的综合;/函数/反比例函数/反比例函数与几何图形的综合/反比例函数与四边形的综合
119DF97E;图形的平移;/函数/直角坐标系/直角坐标系与位置/用坐标表示平移/图形的平移
11AB5691;旋转与坐标变换;/图形的变化/图形的旋转/旋转与坐标变换
11B7AA40;每次试验都包含两个子结果的问题;/统计与概率/常见问题的概率计算与应用/用列举法（列表、画树状图等）列出所有等可能的结果/求随机事件的概率/每次试验都包含两个子结果的问题
11CF2F56;一个角是直角的平行四边形;/四边形/矩形/矩形的判定/一个角是直角的平行四边形
12137D0F;平面图案的设计;/图形的变化/平面图案的设计
121AD21D;三角形的中位线定理;/三角形/三角形中的重要线段/三角形的中位线定理
12205696;用二次函数的图象估计一元二次方程的根的大小;/函数/二次函数/二次函数与一元二次方程之间的关系/用二次函数的图象估计一元二次方程的根的大小
12619222;尺规作图;/图形的初步认识/尺规作图
127448AA;度分秒简单换算;/图形的初步认识/角/度分秒简单换算
127DA17B;作一条线段等于已知线段;/图形的初步认识/尺规作图/作一条线段等于已知线段
12A100BE;等边三角形的判定;/三角形/等腰三角形/等边三角形的判定
12DB83B6;两数比较;/方程与不等式/一元一次不等式/一元一次不等式的其它应用/两数比较
12ED3033;配方法;/方程与不等式/一元二次方程/解一元二次方程/配方法
1305EFAF;根据坐标描出点的位置;/函数/直角坐标系/点与坐标/根据坐标描出点的位置
130B1140;与一次函数的交点;/函数/反比例函数/与一次函数、二次函数的交点问题/与一次函数的交点
13212A8B;圆的轴对称性;/圆/圆的概念与性质/圆的认识/圆的轴对称性
13840060;SAS;/三角形/全等三角形/三角形全等的判定/SAS
13C94C5F;用科学记数法表示较大的数;/数与式/实数的运算/乘方/用科学记数法表示较大的数
13DF29C7;按边分类;/三角形/三角形的分类/按边分类
14182716;用图象法表示函数;/函数/变量与函数/函数的表示方法/图象法/用图象法表示函数
143282CD;a,b的几何意义（对称轴）;/函数/二次函数/二次函数图象与系数的关系/a,b的几何意义（对称轴）
145C1E00;分式方程与实际问题;/方程与不等式/分式方程/分式方程与实际问题
14765A2B;二元一次方程定义;/方程与不等式/二元一次方程/二元一次方程定义
147D1C7B;结合对函数关系的分析，对变量的变化进行讨论;/函数/变量与函数/结合对函数关系的分析，对变量的变化进行讨论
150E1146;尺规作图（求作三角形）;/三角形/全等三角形/尺规作图（求作三角形）
1519CA2D;用坐标表示平移;/函数/直角坐标系/直角坐标系与位置/用坐标表示平移
154632E9;一元一次不等式组的解;/方程与不等式/一次不等式组/一元一次不等式组的解/一元一次不等式组的解
1578233F;多项式➗单项式;/数与式/整式/整式除法运算/多项式➗单项式
1583D3EA;平方根的概念;/数与式/实数的运算/开方/平方根/平方根的概念
15C23A52;增减性;/函数/一次函数/正比例函数/性质/增减性
1623C2FD;三角形中的重要线段;/三角形/三角形概念与基本性质/三角形中的重要线段
1663DB8A;一次函数;/函数/一次函数
167BB3F2;作三角形的内切圆;/圆/与圆有关的位置关系/直线与圆的位置关系/三角形的内切圆与内心/作三角形的内切圆
1684D031;将军饮马问题;/图形的变化/图形的轴对称/将军饮马问题
16C432DC;实数的大小比较;/数与式/实数有关概念/实数的大小比较
16F828B4;确定一个圆的条件;/圆/与圆有关的位置关系/点与圆位置关系/三角形的外接圆与外心/确定一个圆的条件
171D0DA3;直线;/图形的初步认识/线/直线
172BF3A7;围墙问题;/方程与不等式/一元二次方程/一元二次方程解决实际问题/围墙问题
173E905D;到y轴的距离是x的绝对值;/函数/直角坐标系/平面直角坐标系的有关概念/点P(x,y)到坐标轴的距离/到y轴的距离是x的绝对值
1759EDA1;a>0,图象在对称轴左侧y随x的增大而减小，在对称轴右侧y随x的增大而增大;/函数/二次函数/二次函数的性质/增减性/a>0,图象在对称轴左侧y随x的增大而减小，在对称轴右侧y随x的增大而增大
176A0475;用科学记数法表示较小的数;/数与式/实数的运算/乘方/用科学记数法表示较小的数
17B7772F;乘除混合;/数与式/实数的运算/实数混合运算/乘除混合
17C6B57D;应用基本性质进行分式变形;/数与式/分式/分式基本性质/应用基本性质进行分式变形
17D06EA9;解数字系数的一元一次方程;/方程与不等式/一元一次方程/解数字系数的一元一次方程
18133E82;两个对立事件的概率之和为1;/统计与概率/概率的意义与定义/两个对立事件概率的关系/两个对立事件的概率之和为1
1823BFD6;已知一直角边及斜边，求作一个直角三角形;/三角形/全等三角形/尺规作图（求作一个三角形）/已知一直角边及斜边，求作一个直角三角形
183A60C5;方案调运;/函数/一次函数/能用一次函数解决简单实际问题/方案调运
189DE03D;二次根式除法;/数与式/实数的运算/二次根式/二次根式除法
18A0196D;一次函数图象与一元一次方程的解的关系;/函数/一次函数/一次函数与方程，不等式之间的关系/一次函数图象与一元一次方程的解的关系
18B26709;需去括号的混合运算;/数与式/整式/整式混合运算/需去括号的混合运算
18E5B546;已知锐角求三角函数值;/三角形/直角三角形/直角三角形的性质/锐角三角函数的概念及简单应用/已知锐角求三角函数值
18EF9104;k>0，图象从左向右上升;/函数/一次函数/正比例函数/图象（k的几何特征）/k>0，图象从左向右上升
19079A88;函数关系式为整式的自变量的取值范围;/函数/变量与函数/自变量的取值范围/函数关系式为整式的自变量的取值范围
191E1C8F;与y轴的交点（0，b）;/函数/一次函数/能画出一次函数的图象/与坐标轴的交点/与y轴的交点（0，b）
195A574C;数轴的定义（三要素）;/数与式/实数有关概念/数轴/数轴的定义（三要素）
196EC96C;二项方程的应用;/方程与不等式/二项方程/二项方程的应用
1A534935;在数轴上表示不等式的解集;/方程与不等式/不等式/在数轴上表示不等式的解集
1A612312;实际问题;/数与式/代数式/列代数式/实际问题
1A8B2CE1;平面向量的相关概念;/图形的变化/平面向量/平面向量及其加减/平面向量的相关概念
1AB72AA2;垂径定理;/圆/圆的概念与性质/垂径定理
1AD30F33;矩形;/四边形/矩形
1AE896D7;加减消元法转为二元一次方程;/方程与不等式/三元一次方程组/解三元一次方程组/加减消元法转为二元一次方程
1B4A28BD;作一个角等于已知角;/图形的初步认识/尺规作图/作一个角等于已知角
1B63A911;找规律的问题;/方程与不等式/分式方程/分式方程的其他应用/找规律的问题
1B63E839;直角三角形面积公式;/三角形/三角形面积/直角三角形面积公式
1B8721AE;知道原命题成立其逆命题不一定成立;/图形的初步认识/定义、命题、定理、证明/命题/原命题和逆命题/知道原命题成立其逆命题不一定成立
1BE30F80;含括号的混合运算;/数与式/分式/分式混合运算/含括号的混合运算
1BE7917A;"已知自变量的值, 会求函数值";"/函数/对应关系/自变量与函数值/已知自变量的值, 会求函数值"
1BF24F26;相似三角形周长的比等于相似比。;/三角形/相似三角形/相似三角形的性质/相似三角形周长的比等于相似比。
1BF7E635;一次函数与三角形的综合;/函数/一次函数/一次函数与几何图形的综合/一次函数与三角形的综合
1BFD0217;描点法画二次函数的图象;/函数/二次函数/描点法画二次函数的图象
1C44DEB9;综合应用;/方程与不等式/一元二次方程/一元二次方程解决实际问题/综合应用
1C8FB195;描点法画一次函数的图象;/函数/一次函数/一次函数的图象/描点法画一次函数的图象
1CBCD769;二次函数的概念：y=ax²+bx+c(a不为0）;/函数/二次函数/二次函数的概念：y=ax²+bx+c(a不为0）
1CD19040;互为倒数的识别;/数与式/实数有关概念/倒数/互为倒数的识别
1CD7D317;垂径定理;/圆/与圆有关的性质/垂径定理
1CD9D31D;合适统计量表示数据集中程度;/统计与概率/一组数据的代表/合适统计量表示数据集中程度
1CEC1F9B;作三角形的内切圆;/圆/与圆有关的位置关系/直线与圆位置关系/三角形的内切圆与内心/作三角形的内切圆
1D448E57;一次函数的平移;/函数/一次函数/一次函数的图象/一次函数的平移
1D6059CE;点线面体;/图形的初步认识/点线面体
1D68B258;概率的定义;/统计与概率/概率的意义与定义/概率的定义
1D6BF247;同分母相加、减;/数与式/分式/分式加减运算/同分母相加、减
1DA6DDB3;原命题和逆命题;/图形的初步认识/命题与证明/原命题和逆命题
1DBBB566;利润问题;/函数/二次函数/二次函数解决实际问题/利润问题
1DE2E600;相遇问题;/方程与不等式/一元一次方程/实际问题与一元一次方程/行程问题/相遇问题
1DF64B92;由度分秒化为度;/图形的初步认识/角/度分秒简单换算/由度分秒化为度
1E295E69;一次函数与方程（组）、不等式关系;/函数/一次函数/一次函数与方程（组）、不等式关系
1E8BD5B0;平移前后的两个图形全等;/图形的变化/图形的平移/平移的性质/平移前后的两个图形全等
1EC85514;菱形;/四边形/菱形
1EF6FCB3;0次幂;/数与式/实数的运算/乘方/0次幂
1F26EF97;两组对边分别相等;/四边形/矩形/矩形的性质/两组对边分别相等
1F391080;三角形的内角和定理;/三角形/三角形概念与基本性质/三角形的内角和定理
1F60BB3D;真命题;/图形的初步认识/命题与证明/真命题与假命题/真命题
1F674E11;一元一次不等式的解;/方程与不等式/一元一次不等式/一元一次不等式的解
1FEDA0A8;线段的基本性质：两点之间，线段最短;/图形的初步认识/线/线段/线段的基本性质：两点之间，线段最短
1FF408AA;直接应用完全平方公式运算;/数与式/整式/乘法公式/直接应用完全平方公式运算
1FFBC61E;分子、分母和分式三者之间的符号变换;/数与式/分式/分式的基本性质/分子、分母和分式三者之间的符号变换
2019CCC1;二次函数的性质;/函数/二次函数/二次函数的性质
2020DE6A;转为整式方程无解;/方程与不等式/分式方程/解分式方程/转为整式方程无解
2045F073;线段与射线、直线之间对的关系;/图形的初步认识/线/线段的概念与性质/线段与射线、直线之间对的关系
207227D2;利用运算律简化运算;/数与式/实数的运算/实数的运算律/利用运算律简化运算
207984F4;旋转对称图形;/图形的变化/图形的旋转/旋转对称图形
208E5A19;a,b同号，对称轴在y轴的左侧;/函数/二次函数/二次函数的图象与系数的关系/a,b的几何意义（对称轴）/a,b同号，对称轴在y轴的左侧
20BB21D9;一次函数与一元一次不等式的关系;/函数/一次函数/一次函数与方程（组）、不等式关系/一次函数与一元一次不等式的关系
20C27DEF;勾股定理的证明;/三角形/直角三角形/直角三角形的性质/勾股定理/勾股定理的证明
2116197A;计算器求平方根;/数与式/实数的运算/开方/平方根/计算器求平方根
21455778;真分数;/数与式/实数有关概念/分数/真分数
218E3517;对顶角的概念与性质;/图形的初步认识/角/对顶角的概念与性质
21B6B2DB;堤坝;/三角形/直角三角形/锐角三角函数的实际应用/堤坝
21DF13FA;解二项方程;/方程与不等式/二项方程/解二项方程
22015348;乘法交换律;/数与式/实数的运算/实数运算律/乘法交换律
22B1E8B3;整式;/数与式/整式
22E80B3B;不等式性质3不等式两边同时乘以或除以同一个负数，不等式方向改变;/方程与不等式/不等式/不等式性质/不等式性质3不等式两边同时乘以或除以同一个负数，不等式方向改变
22FE8782;分数的约分;/数与式/实数有关概念/分数/分数的约分
23082CD9;两组对边分别平行的四边形;/四边形/平行四边形/平行四边形的定义/两组对边分别平行的四边形
230A7E8C;定义、命题、定理、证明;/图形的初步认识/定义、命题、定理、证明
2310753F;实数的运算律;/数与式/实数的运算/实数的运算律
236EB07A;k<0，图象在第二四象限;/函数/反比例函数/能画出反比例函数的图象/k<0，图象在第二四象限
239B6254;S=ab/2=ch/2（a、b为直角边，c为斜边，h为斜边上的高）;/三角形/三角形面积/直角三角形面积公式/S=ab/2=ch/2（a、b为直角边，c为斜边，h为斜边上的高）
23BA848C;化简-a（其中a为代数式）;/数与式/实数有关概念/相反数/化简-a（其中a为代数式）
23CE0E20;每次试验都包含三个及三个以上的子结果的问题;/统计与概率/常见问题的概率计算与应用/用列举法（列表、画树状图等）列出所有等可能的结果/求随机事件的概率/每次试验都包含三个及三个以上的子结果的问题
23EA6941;可能性的大小;/统计与概率/概率的意义与定义/可能性的大小
241D5552;正方形的面积;/四边形/正方形/正方形的面积
2425C1F1;三角形的分类;/三角形/三角形的分类
243335AB;圆的面积;/圆/圆的概念与性质/圆的面积
2443F1DC;三角形的三心;/三角形/三角形概念与基本性质/三角形的三心
249F70AC;开口方向;/函数/二次函数/一般式化为顶点式/开口方向
24C94F7E;加减乘除乘方混合;/数与式/实数的运算/实数混合运算/加减乘除乘方混合
24CC27FD;经济问题;/方程与不等式/一元一次方程/一元一次方程解决实际问题/经济问题
24EC8DEA;三元一次方程组;/方程与不等式/三元一次方程组
251A1757;绝对值;/数与式/实数有关概念/绝对值
2542CBD4;完全平方与和的平方变形;/数与式/整式/乘法公式/完全平方与和的平方变形
25567991;二元一次方程的解;/方程与不等式/二元一次方程/二元一次方程的解/二元一次方程的解
255DDCA9;开方;/数与式/实数的运算/开方
25647A11;会判断点是否在函数的图象上;/函数/变量与函数/函数与其图象上点的坐标的关系/会判断点是否在函数的图象上
258B38A1;实际问题;/数与式/多项式因式分解/因式分解解决简单应用问题/实际问题
25AEC093;角的和差及其计算;/图形的初步认识/角/角的和差及其计算
25E45D44;平面向量及其加减;/图形的变化/平面向量/平面向量及其加减
260F2C53;线;/图形的初步认识/线
26185ED8;行程问题;/方程与不等式/二元一次方程组/二元一次方程组解决实际问题/行程问题
262CE8BD;分式方程的应用--可化为一元一次方程;/方程与不等式/分式方程/分式方程的其他应用/分式方程的应用--可化为一元一次方程
265DB640;纯数学问题;/数与式/代数式/列代数式/纯数学问题
267E042D;全等三角形的性质;/三角形/全等三角形/全等三角形的性质
26E27194;理解线段的和、差;/图形的初步认识/线/线段的概念与性质/理解线段的和、差
27004288;已知锐角三角函数值求锐角度数;/三角形/直角三角形/锐角三角函数/已知锐角三角函数值求锐角度数
2703A7AC;用待定系数法确定正比例函数解析式;/函数/正比例函数/正比例函数的解析式/用待定系数法确定正比例函数解析式
2712CDB2;旋转方向与旋转角;/图形的变化/图形的旋转/旋转有关概念/旋转方向与旋转角
278E0550;数的乘除;/数与式/实数有关概念/数的乘除
27A731B7;括号前是正数;/数与式/整式/去括号/括号前是正数
27E07431;用样本方差估计总体方差;/统计与概率/统计结果的应用/从样本估计总体/用样本方差估计总体方差
283E750B;对应关系;/函数/对应关系
286402B4;不等式性质3不等式两边同时乘以或除以同一个负数，不等式方向改变;/方程与不等式/不等式/不等式的性质/不等式性质3不等式两边同时乘以或除以同一个负数，不等式方向改变
288346A1;与圆有关的位置关系;/圆/与圆有关的位置关系
28C109A5;同类二次根式的概念;/数与式/实数的运算/二次根式/同类二次根式的概念
29085815;平方根;/数与式/实数的运算/实数的开方/平方根
29120F05;相交，k1不等于k2，会求交点坐标;/函数/一次函数/一次函数的图象/直线y=k1x+b1与y=k2x+b2/相交，k1不等于k2，会求交点坐标
2940944F;对称性：中心对称;/四边形/平行四边形/平行四边形的性质/对称性：中心对称
294F8DEE;0次幂成立的条件;/数与式/实数的运算/乘方/0次幂成立的条件
296CAD84;解含参数的二元一次方程组;/方程与不等式/二元一次方程组/二元一次方程组的其他应用/解含参数的二元一次方程组
2988A9F0;合并同类项;/方程与不等式/一元一次方程/解数字系数的一元一次方程/合并同类项
298F78CE;已知锐角三角函数值及一边求其他边;/三角形/直角三角形/直角三角形的性质/锐角三角函数的概念及简单应用/已知锐角三角函数值及一边求其他边
299F4977;纯数学问题;/数与式/整式/用整式解决问题/纯数学问题
29C705DD;三角形的三边关系;/三角形/三角形概念与基本性质/三角形的三边关系
29C83F31;相乘后可直接进行约分;/数与式/分式/分式乘法运算/相乘后可直接进行约分
29D17EB5;线段的垂直平分线概念、判定及其性质;/图形的初步认识/垂线与垂线段/线段的垂直平分线概念、判定及其性质
29D44C3C;算术平方根的概念;/数与式/实数的运算/开方/算术平方根/算术平方根的概念
29DF76BD;包围着体的是面，面面相交构成线，线线相交构成点;/图形的初步认识/点线面体/点线面体之间的联系/包围着体的是面，面面相交构成线，线线相交构成点
2AA60CFE;平面向量的加法;/图形的变化/平面向量/平面向量及其加减/平面向量的加法
2B5E62B1;加减混合;/数与式/实数的运算/实数的混合运算/加减混合
2B7BBC3B;直线的概念与性质;/图形的初步认识/线/直线的概念与性质
2BC401B5;必然事件的概率：p(A)=1;/统计与概率/概率的意义/必然事件的概率：p(A)=1
2C59A035;频数与频率相关概念;/统计与概率/频数与频率（百分比）/频数与频率相关概念
2C74CEF1;对应线段平行（或在一条直线上）且相等;/图形的变化/图形的平移/平移的性质/对应线段平行（或在一条直线上）且相等
2CE171A8;勾股定理的应用;/三角形/直角三角形/直角三角形的性质/勾股定理/勾股定理的应用
2CEBDEA4;二元一次方程组的定义;/方程与不等式/二元一次方程组/二元一次方程组的定义
2D1A2B2F;用一次函数解决的其它实际问题;/函数/一次函数/一次函数解决实际问题/用一次函数解决的其它实际问题
2D70A8BA;平移有关概念;/图形的变化/图形的平移/平移有关概念
2D73CE86;追及问题;/方程与不等式/一元一次方程/实际问题与一元一次方程/行程问题/追及问题
2D86F799;同底数幂的乘法;/数与式/整式/幂运算/同底数幂的乘法
2D96289D;数据的整理与描述;/统计与概率/数据的整理与描述
2D988FC2;纯数学问题;/数与式/实数的运算/实数的运算解决简单应用问题/纯数学问题
2D9A9528;假分数;/数与式/实数有关概念/分数/假分数
2DA3D2C8;点与坐标;/函数/直角坐标系/点与坐标
2DE97A64;有一组邻边相等的矩形;/四边形/正方形/正方形的判定/有一组邻边相等的矩形
2E65491D;三线平行：如果两条直线都与第三条直线平行，那么这两条直线互相平行;/图形的初步认识/平行线/平行线的性质/三线平行：如果两条直线都与第三条直线平行，那么这两条直线互相平行
2F0A008D;频数的概念;/统计与概率/频数与频率的概念/频数的概念
2F0EF0A3;函数与其图象上点的坐标的关系;/函数/变量与函数/函数与其图象上点的坐标的关系
2F50B167;用数轴上的点表示有理数;/数与式/实数有关概念/数轴/用数轴上的点表示有理数
2F8FB85B;切线的判定;/圆/与圆有关的位置关系/直线与圆位置关系/切线的判定
2FB41CCB;行程问题;/方程与不等式/一元一次方程/实际问题与一元一次方程/行程问题
2FE5BE0D;分子、分母是不需因式分解的多项式;/数与式/分式/约分/分子、分母是不需因式分解的多项式
2FF60909;对边相等;/四边形/平行四边形/平行四边形的性质/对边相等
3055B882;对角线互相平分;/四边形/菱形/菱形的性质/对角线互相平分
306B71CA;分式的概念;/数与式/分式/分式的概念
306FA2C5;用适当的函数刻画实际问题中变量之间的关系;/函数/变量与函数/用适当的函数刻画实际问题中变量之间的关系
3075F14A;HL;/三角形/全等三角形/三角形全等的判定/HL
310EDD8C;增减性;/函数/二次函数/二次函数的性质/增减性
311F297C;圆的内接四边形对角互补;/圆/与圆有关的性质/圆周角定理/圆的内接四边形对角互补
318FB73E;三角形的中线;/三角形/三角形中的重要线段/三角形的中线
31B5E29B;证明方法;/图形的初步认识/命题与证明/证明方法
31BD3C80;旋转的识别;/图形的变化/图形的旋转/旋转有关概念/旋转的识别
3205EFB4;成本问题;/函数/二次函数/二次函数解决实际问题/成本问题
32259E29;每个对象出现的次数与总次数的比值，;/统计与概率/频数与频率的概念/频率的概念/每个对象出现的次数与总次数的比值，
329FEFF2;弧长的计算;/圆/弧长、扇形和圆锥的有关计算/弧长的计算
32A39E07;轴对称：关于y=x,y=-x成轴对称;/函数/反比例函数/反比例函数的性质/对称性/轴对称：关于y=x,y=-x成轴对称
331727A7;反比例函数值与一次函数值的比较大小;/函数/反比例函数/反比例函数与一次函数的综合/反比例函数值与一次函数值的比较大小
3340E363;不可能事件的概率：p(A)=0;/统计与概率/概率的意义与定义/概率的取值范围/不可能事件的概率：p(A)=0
33488352;二次函数与三角形的综合;/函数/二次函数/二次函数与几何图形的综合/二次函数与三角形的综合
3360B6EB;平行四边形的面积;/四边形/平行四边形/平行四边形的面积
336BC136;建立坐标系，描述物体的位置;/函数/直角坐标系/直角坐标系与位置/建立坐标系，描述物体的位置
336CBBF2;频数与频率的性质;/统计与概率/频数与频率（百分比）的概念与性质/频数与频率的性质
33B02B1E;相除后要先进行因式分解再进行约分;/数与式/分式/分式除法运算/相除后要先进行因式分解再进行约分
33B53A22;c的几何意义(与y轴的交点);/函数/二次函数/二次函数图象与系数的关系/c的几何意义(与y轴的交点)
33C131FE;a,b同号，对称轴在y轴的左侧;/函数/二次函数/二次函数图象与系数的关系/a,b的几何意义（对称轴）/a,b同号，对称轴在y轴的左侧
33CF1B8F;圆周角定理;/圆/圆的概念与性质/圆周角定理
33D2D14E;由点与圆的位置关系解决一些数量关系;/圆/与圆有关的位置关系/点与圆位置关系/由点与圆的位置关系解决一些数量关系
34214FA0;c=0,经过原点;/函数/二次函数/二次函数图象与系数的关系/c的几何意义(与y轴的交点)/c=0,经过原点
342495DC;有理数的概念;/数与式/实数有关概念/实数的概念与分类/有理数的概念
3450A3B4;直接要求求概率的问题;/统计与概率/概率的计算与应用/用列举法（列举、列表、画树状图）求概率解决问题/直接要求求概率的问题
345D8EAA;点P(x,y)到x轴的距离是y的绝对值;/函数/直角坐标系/平面直角坐标系的有关概念/坐标系里的距离问题/点P(x,y)到x轴的距离是y的绝对值
3473B784;求一个实数的乘方;/数与式/实数的运算/乘方/求一个实数的乘方
347EC8EB;抽样的必要性;/统计与概率/数据的收集/抽样调查/抽样的必要性
34C3A253;矩形的性质;/四边形/矩形/矩形的性质
34CA40B7;已知三边长，求作一个三角形;/三角形/全等三角形/尺规作图（求作一个三角形）/已知三边长，求作一个三角形
34E2BC60;去分母;/方程与不等式/一元一次方程/解数字系数的一元一次方程/去分母
359844F7;等式性质1等式两边都加或减同一个数，结果仍相等;/方程与不等式/等式的性质/等式的性质/等式性质1等式两边都加或减同一个数，结果仍相等
35B22031;解无理方程;/方程与不等式/无理方程/解无理方程
35F0DF23;必然事件的概率：p(A)=1;/统计与概率/概率的意义与定义/概率的取值范围/必然事件的概率：p(A)=1
36002E9D;行程问题;/方程与不等式/分式方程/分式方程与实际问题/行程问题
360A8158;平面向量的线性运算;/图形的变化/平面向量/平面向量的线性运算
36356681;一次函数与几何图形的综合;/函数/一次函数/一次函数与几何图形的综合
368B0D0A;同位角的识别;/图形的初步认识/平行线/三线八角/同位角的识别
36941930;一般旋转对称图形;/图形的变化/图形的旋转/旋转对称图形/一般旋转对称图形
36E6A023;基本几何体与展开图的关系;/图形的变化/投影与视图/平面展开图/基本几何体与展开图的关系
36EBA836;割线定理;/圆/与圆有关的位置关系/直线与圆位置关系/割线定理
370717E2;周角的概念;/图形的初步认识/角/角的分类/周角的概念
3712E19E;一元一次不等式的概念;/方程与不等式/一元一次不等式/一元一次不等式的概念
37386A0E;三角形的周长;/三角形/三角形的周长/三角形的周长
3741476B;中心对称：关于原点成中心对称;/函数/反比例函数/反比例函数的性质/对称性/中心对称：关于原点成中心对称
377E3D31;二次根式运算解决简单应用问题;/数与式/实数的运算/二次根式/二次根式运算解决简单应用问题
37C3E8F6;抽样调查;/统计与概率/数据的收集/抽样调查
37D35636;圆的内接四边形对角互补;/圆/圆的概念与性质/圆周角定理/圆的内接四边形对角互补
37F2A76C;k>0，图象在第一三象限;/函数/反比例函数/能画出反比例函数的图象/k>0，图象在第一三象限
37FD3E34;k<0，y随x的增大而减小;/函数/一次函数/一次函数的性质：增减性/k<0，y随x的增大而减小
380AE3B9;k的几何特征;/函数/一次函数/一次函数的图象/k的几何特征
386FA7A2;工程问题;/方程与不等式/一元一次方程/一元一次方程解决实际问题/工程问题
3888318F;整式加减运算;/数与式/整式/整式加减运算
38895DFA;一次函数的性质：增减性;/函数/一次函数/一次函数的性质：增减性
389DC4D3;综合应用;/方程与不等式/一元一次方程/一元一次方程解决实际问题/综合应用
38CADA0C;三角形外心的确定;/圆/与圆有关的位置关系/点与圆的位置关系/三角形的外接圆与外心/三角形外心的确定
38E87C64;乘除混合;/数与式/实数的运算/实数的混合运算/乘除混合
38E99B1C;一元二次方程根的判别式;/方程与不等式/一元二次方程/一元二次方程根的判别式
39051F53;0次幂;/数与式/实数的运算/实数的乘方/0次幂
390C77AB;与二次函数的交点;/函数/反比例函数/与一次函数、二次函数的交点问题/与二次函数的交点
390F6466;图象法求一元二次方程的解;/方程与不等式/一元二次方程/图象法求一元二次方程的解
393598B2;等腰三角形概念;/三角形/等腰三角形/等腰三角形概念
39557613;一般形式：如果...，那么...;/图形的初步认识/命题与证明/命题的组成/一般形式：如果...，那么...
39687396;方案调运、择优、分配;/函数/一次函数/能用一次函数解决简单实际问题/方案调运、择优、分配
398C2E28;正比例函数性质;/函数/正比例函数/正比例函数性质
39D9EA51;内错角的定义;/图形的初步认识/平行线/三线八角/内错角的定义
3AB7ABF8;a<0,开口向下;/函数/二次函数/二次函数的图象与系数的关系/a的几何意义（开口方向）/a<0,开口向下
3B048081;相似多边形;/图形的变化/图形的相似/相似多边形
3B1B647F;算术平方根的概念;/数与式/实数的运算/实数的开方/算术平方根/算术平方根的概念
3B226A49;平面图案的设计;/图形的变化/平面图案的设计/平面图案的设计
3B866910;对称性：中心对称、轴对称（四条对称轴）;/四边形/正方形/正方形的性质/对称性：中心对称、轴对称（四条对称轴）
3C76480D;等角的补角相等，同角的补角相等;/图形的初步认识/角/互为补角的概念与性质/等角的补角相等，同角的补角相等
3C854B5C;三角形的外心;/三角形/三角形的”三心“/三角形的外心
3C8E756B;k的几何特征;/函数/一次函数/能画出一次函数的图象/k的几何特征
3CD35A6B;由半径、圆心角计算扇形面积;/圆/弧长和扇形面积/扇形面积/由半径、圆心角计算扇形面积
3CD6B718;由度分秒化为度;/图形的初步认识/角/认识度分秒，会进行简单换算/由度分秒化为度
3CF0DACA;列代数式;/数与式/代数式/列代数式
3D0866B1;圆的轴对称性;/圆/与圆有关的性质/圆的认识/圆的轴对称性
3D0CB3CC;通分;/数与式/分式/通分
3D3DBB21;垂线的性质;/图形的初步认识/垂线与垂线段/垂线的性质
3DA85CF2;能过已知直线外一点画这条直线的平行线;/图形的初步认识/平行线/能过已知直线外一点画这条直线的平行线
3DAA07B5;先求解待定数（式）再代入求指定代数式的值;/数与式/代数式/求代数式的值/先求解待定数（式）再代入求指定代数式的值
3DCDD57E;结合对函数关系的分析，对变量的变化进行讨论;/函数/变量与函数/常量与变量/结合对函数关系的分析，对变量的变化进行讨论
3DECAEC4;解释频数分布直方图的信息;/统计与概率/数据的整理与描述/频数分布直方图/解释频数分布直方图的信息
3E3AF693;矩形的定义;/四边形/矩形/矩形的定义
3E68DCC6;加法交换律;/数与式/实数的运算/实数的运算律/加法交换律
3E726753;三角形的外角概念及性质;/三角形/三角形的外角概念及性质
3E726A5D;选择合适的统计量表示一组数据的集中程度;/统计与概率/一组数据的代表/选择合适的统计量表示一组数据的集中程度
3E8F636F;轴对称的作图;/图形的变化/图形的轴对称/轴对称的作图
3EE98246;合数;/数与式/实数有关概念/数的乘除/合数
3EF76218;三角形的基本概念;/三角形/三角形的基本概念
3F687B00;代入消元法转为二元一次方程;/方程与不等式/三元一次方程组/解三元一次方程组/代入消元法转为二元一次方程
3F7FE8F0;求一个实数的算术平方根;/数与式/实数的运算/开方/算术平方根/求一个实数的算术平方根
3FAE51B2;弧长、扇形和圆锥的有关计算;/圆/弧长、扇形和圆锥的有关计算
3FED56A0;已知两边及其夹角，求作一个三角形;/三角形/全等三角形/尺规作图（求作三角形）/已知两边及其夹角，求作一个三角形
3FF0E197;分式加减运算;/数与式/分式/分式加减运算
3FF2FE29;一般三角形面积公式;/三角形/三角形概念与基本性质/三角形面积/一般三角形面积公式
4004589A;线段的概念及其表示法;/图形的初步认识/线/线段/线段的概念及其表示法
4056428D;三元一次方程组的应用;/方程与不等式/三元一次方程组/三元一次方程组的应用
405A5CDF;由度化为度分秒;/图形的初步认识/角/度分秒简单换算/由度化为度分秒
40616D95;求一个实数的乘方;/数与式/实数的运算/实数的乘方/求一个实数的乘方
407B793C;每个对象出现的次数;/统计与概率/频数与频率的概念/频数的概念/每个对象出现的次数
40C1238A;求随机事件的概率;/统计与概率/概率的计算与应用/用列举法（列表、画树状图等）列出所有等可能的结果/求随机事件的概率
40D5962E;算术平方根;/数与式/实数有关概念/常见非负数/算术平方根
40DC8931;异分母相加、减;/数与式/分式/分式加减运算/异分母相加、减
40F04471;分段函数;/函数/变量与函数/分段函数
40F2622C;两边成比例且夹角相等的两个三角形相似。;/三角形/相似三角形/相似三角形的判定/两边成比例且夹角相等的两个三角形相似。
410BA311;旋转的基本性质;/图形的变化/图形的旋转/旋转的基本性质
4158501E;四边形;/四边形
41649AF5;点与圆位置关系;/圆/与圆有关的位置关系/点与圆位置关系
4188D91E;由半径、弧长计算扇形面积;/圆/弧长、扇形和圆锥的有关计算/扇形面积的计算/由半径、弧长计算扇形面积
418F8520;线段的概念及其表示法;/图形的初步认识/线/线段的概念与性质/线段的概念及其表示法
419DB1C8;分数;/数与式/实数有关概念/分数
41B55910;综合法的证明格式及过程要求;/图形的初步认识/定义、命题、定理、证明/证明/综合法的证明格式及过程要求
41E493C3;计算器求立方根;/数与式/实数的运算/开方/立方根/计算器求立方根
4201F57C;会判断点是否在函数的图象上;/函数/对应关系/函数图象上点的坐标/会判断点是否在函数的图象上
4237FFA5;三角形的三边关系;/三角形/三角形的三边关系/三角形的三边关系
424FF5C7;一元高次方程;/方程与不等式/高次方程/一元高次方程
42EB6AF7;定理的概念;/图形的初步认识/命题与证明/定理的概念
42F6FCA4;直接代入具体数值求代数式的值;/数与式/代数式/求代数式的值/直接代入具体数值求代数式的值
42FF9470;不等式性质2不等式两边同时乘以或除以个同一个正数，不等式方向不变;/方程与不等式/不等式/不等式性质/不等式性质2不等式两边同时乘以或除以个同一个正数，不等式方向不变
436095EB;三边成比例的两个三角形相似。;/三角形/相似三角形/相似三角形的判定/三边成比例的两个三角形相似。
43A732B6;已知两角及其夹边，求作一个三角形;/三角形/全等三角形/尺规作图（求作三角形）/已知两角及其夹边，求作一个三角形
43C1259D;垂线段的概念;/图形的初步认识/垂线与垂线段/垂线，垂线段的概念/垂线段的概念
43D9F673;估算一元二次方程的近似解;/方程与不等式/一元二次方程/估算一元二次方程的近似解
43E59FBD;其他变式问题;/方程与不等式/分式方程/分式方程解决实际问题/其他变式问题
44095E48;相似三角形的判定;/三角形/相似三角形/相似三角形的判定
44103BB7;工程问题;/方程与不等式/一元一次方程/实际问题与一元一次方程/工程问题
4477B855;命题的真假;/图形的初步认识/定义、命题、定理、证明/命题/命题的真假
44822248;能被2整除的数;/数与式/实数有关概念/数的乘除/能被2整除的数
448951A4;直角三角形概念;/三角形/直角三角形/直角三角形概念
449C8960;解一元一次不等级式组;/方程与不等式/一次不等式组/解一元一次不等级式组
44AFFD9F;两点之间的距离;/图形的初步认识/线/线段/两点之间的距离
44CABE32;正方形;/四边形/正方形
44D69143;乘法结合律;/数与式/实数的运算/实数的运算律/乘法结合律
44E258C6;综合应用;/方程与不等式/一元一次方程/实际问题与一元一次方程/综合应用
45095372;特殊角的三角函数值;/三角形/直角三角形/直角三角形的性质/锐角三角函数的概念及简单应用/特殊角的三角函数值
45B61379;公式法;/方程与不等式/一元二次方程/解一元二次方程/公式法
45B71599;折线图;/统计与概率/数据的整理与描述/折线图
45D32491;两角比较;/方程与不等式/一元一次不等式/一元一次不等式的其它应用/两角比较
462946D2;相乘后要先进行因式分解再进行约分;/数与式/分式/分式乘法运算/相乘后要先进行因式分解再进行约分
464560B0;k<0，图象从左向右下降;/函数/一次函数/能画出一次函数的图象/k的几何特征/k<0，图象从左向右下降
4733DB2E;沿x轴方向左右平移;/函数/一次函数/一次函数的图象/一次函数的平移/沿x轴方向左右平移
476D7EDD;分母是互为相反数的分式相加、减;/数与式/分式/分式加减运算/分母是互为相反数的分式相加、减
4796EA2C;点线面体之间的联系;/图形的初步认识/点线面体/点线面体之间的联系
47BA70A5;会求函数值;/函数/变量与函数/会求函数值
47DB51CA;用实数解决问题;/数与式/实数的运算/用实数解决问题
47E67FA8;利润问题;/函数/一次函数/能用一次函数解决简单实际问题/利润问题
48771C20;成本问题;/函数/二次函数/用二次函数解决简单的实际问题/成本问题
48A761C2;用概率帮助解释与决策：公平问题等;/统计与概率/常见问题的概率计算与应用/用列举法（列表、画树状图等）列出所有等可能的结果/用概率帮助解释与决策：公平问题等
48FBAAE3;每次试验都包含两个子结果的问题;/统计与概率/概率的计算与应用/列举法计算概率/求随机事件的概率/每次试验都包含两个子结果的问题
49170EE2;每个对象出现的次数；每个对象出现的次数与总次数的比值;/统计与概率/频数与频率（百分比）的概念与性质/频数与频率（百分比）的概念/每个对象出现的次数；每个对象出现的次数与总次数的比值
49426716;不含括号的混合运算;/数与式/分式/分式混合运算/不含括号的混合运算
4942C1B0;三元一次方程组*;/方程与不等式/三元一次方程组*
49659243;定义;/图形的初步认识/命题与证明/命题的概念/定义
49725B7F;求一个实数的开方;/数与式/实数的运算/开方/求一个实数的开方
497EDB60;函数的三种表示法;/函数/变量与函数/函数的三种表示法
499391BA;对应点的连线平行（或在一条直线上）且相等;/图形的变化/图形的平移/平移的性质/对应点的连线平行（或在一条直线上）且相等
49CFF304;点，直线，平面，几何体;/图形的初步认识/点，直线，平面，几何体
49D557DF;不等式性质1;/方程与不等式/不等式/不等式的性质/不等式性质1
4A010698;切线的判定;/圆/与圆有关的位置关系/直线与圆的位置关系/切线的判定
4A3E0E6D;三角形的重心;/三角形/三角形的”三心“/三角形的重心
4A4FE7A8;分式方程的解;/方程与不等式/分式方程/分式方程的解
4AC292C5;图象法;/函数/变量与函数/函数的表示方法/图象法
4AD046EF;二次函数的图象与系数的关系;/函数/二次函数/二次函数的图象与系数的关系
4B0CB20E;按有效数字要求对结果取近似值;/数与式/实数有关概念/近似数/按有效数字要求对结果取近似值
4B11F4C3;反比例函数图象与一次函数图象的交点问题;/函数/反比例函数/反比例函数与一次函数的综合/反比例函数图象与一次函数图象的交点问题
4B31AB5B;掌握角平分线的概念、判定及其性质;/图形的初步认识/角/掌握角平分线的概念、判定及其性质
4B36C4DB;代数式找规律;/数与式/代数式/列代数式表示简单数量关系/代数式找规律
4B37D89D;一元二次方程的实际应用;/方程与不等式/一元二次方程/一元二次方程的实际应用
4B3A50CA;二元一次方程组的解;/方程与不等式/二元一次方程组/二元一次方程组的解
4B641BFA;到角两边距离相等的点在这个角的平分线上;/图形的初步认识/角/掌握角平分线的概念、判定及其性质/到角两边距离相等的点在这个角的平分线上
4B7E2D51;多项式➗单项式;/数与式/整式/整式的除法运算/多项式➗单项式
4B8ECC69;实际问题;/数与式/分式/分式运算解决简单问题/实际问题
4BA205EE;扇形图的制作;/统计与概率/数据的整理与描述/扇形图/扇形图的制作
4BD25B9C;每次试验都包含三个及三个以上的子结果的问题;/统计与概率/概率的计算与应用/列举法计算概率/求随机事件的概率/每次试验都包含三个及三个以上的子结果的问题
4BE917CE;k<0，在每个象限内，y随x的增大而减小;/函数/反比例函数/反比例函数的性质/增减性/k<0，在每个象限内，y随x的增大而减小
4BEAF465;无理数的概念;/数与式/实数有关概念/实数的概念与分类/无理数的概念
4BEC99C9;平移的识别;/图形的变化/图形的平移/平移有关概念/平移的识别
4C4F1DDB;平行线的判定;/图形的初步认识/平行线/平行线的判定
4CB18205;解一元二次方程;/方程与不等式/一元二次方程/解一元二次方程
4CDD93FC;分式方程;/方程与不等式/分式方程
4D3C9ABA;平行四边形的判定;/四边形/平行四边形/平行四边形的判定
4D4E1AD5;综合应用;/方程与不等式/二元一次方程组/二元一次方程组解决实际问题/综合应用
4D6A561F;角的概念及其表示法;/图形的初步认识/角/角的概念及其表示法
4D7B257B;一次函数的图象;/函数/一次函数/一次函数的图象
4D91D336;平方差公式因式分解;/数与式/多项式因式分解/公式法因式分解/平方差公式因式分解
4DACBA0F;根据一元二次方程的根写出二次函数的对称轴方程;/函数/二次函数/二次函数与一元二次方程关系/根据一元二次方程的根写出二次函数的对称轴方程
4DBC79A4;工程问题;/方程与不等式/二元一次方程组/二元一次方程组解决实际问题/工程问题
4DC2CB6B;直线与圆位置关系;/圆/与圆有关的位置关系/直线与圆位置关系
4DCCDFC0;代入消元法;/方程与不等式/二元一次方程组/解二元一次方程组/代入消元法
4E3993DC;利用统计结果作出判断或决策;/统计与概率/利用统计结果作出判断或决策
4E730B6A;二次函数图象上点的坐标特征;/函数/二次函数/二次函数图象上点的坐标特征
4E753FC8;平方根;/数与式/实数的运算/开方/平方根
4E87FBC8;对角线相等;/四边形/矩形/矩形的性质/对角线相等
4EAF6F3E;变量;/函数/变量与函数/常量与变量/变量
4F0759AC;平方;/数与式/实数有关概念/常见的几个非负数/平方
4F13DF88;不等式;/方程与不等式/不等式
4F23E349;增长率问题;/方程与不等式/一元二次方程/一元二次方程的实际应用/增长率问题
4F44B462;分式基本性质;/数与式/分式/分式基本性质
4F9A45D2;每次试验都包含两个子结果的问题;/统计与概率/概率的计算与应用/用列举法（列表、画树状图等）列出所有等可能的结果/求随机事件的概率/每次试验都包含两个子结果的问题
4FB2D791;一元一次不等式的整数解;/方程与不等式/一元一次不等式/一元一次不等式的整数解
4FC675A2;三元一次方程组的应用;/方程与不等式/三元一次方程组*/三元一次方程组的应用
50357FF4;勾股定理;/三角形/直角三角形/勾股定理
5063B0A1;对角线互相平分;/四边形/矩形/矩形的性质/对角线互相平分
5083CDE8;圆锥的表面积计算;/圆/弧长和扇形面积/圆锥的计算/圆锥的表面积计算
508E107B;第二象限（—，+）;/函数/直角坐标系/平面直角坐标系的有关概念/各个象限内点的坐标的符号特征/第二象限（—，+）
5095D0CB;弧长;/圆/弧长和扇形面积/弧长
50A502AF;由简单几何体判断三视图;/图形的变化/投影与视图/三视图/由简单几何体判断三视图
50B0C6DD;求一个实数的平方根;/数与式/实数的运算/实数的开方/平方根/求一个实数的平方根
50B2C499;二次函数图象与系数的关系;/函数/二次函数/二次函数图象与系数的关系
511FF9FB;经济问题;/方程与不等式/二元一次方程组/二元一次方程组解决实际问题/经济问题
512651EB;定义新运算;/数与式/代数式/列代数式表示简单数量关系/定义新运算
514C4638;等式性质2等式两边都乘以同一个数或除以同一个不为零的数，结果仍相等;/方程与不等式/等式的性质/等式的性质/等式性质2等式两边都乘以同一个数或除以同一个不为零的数，结果仍相等
514CD41C;a<0,有最大值;/函数/二次函数/二次函数的性质/最值问题/a<0,有最大值
51729716;c<0,与y轴交于负半轴;/函数/二次函数/二次函数图象与系数的关系/c的几何意义(与y轴的交点)/c<0,与y轴交于负半轴
51EE568C;去分母解分式方程;/方程与不等式/分式方程/解分式方程/去分母解分式方程
52194446;垂线的概念及其表示法;/图形的初步认识/垂线与垂线段/垂线，垂线段的概念/垂线的概念及其表示法
5238E49A;三角形的外接圆与外心;/圆/与圆有关的位置关系/点与圆位置关系/三角形的外接圆与外心
5251F349;括号前是正数;/数与式/整式/去括号法则/括号前是正数
5260B662;分式与二次根式的综合型;/函数/变量与函数/自变量的取值范围/分式与二次根式的综合型
52A49600;平方根的概念;/数与式/实数的运算/实数的开方/平方根/平方根的概念
52ED26B9;顶点坐标;/函数/二次函数/一般式化为顶点式/顶点坐标
530949E6;三角形的中位线定理;/三角形/三角形概念与基本性质/三角形中的重要线段/三角形的中位线定理
534E4B73;加减乘除乘方混合;/数与式/实数的运算/实数的混合运算/加减乘除乘方混合
5353C96D;几何问题;/方程与不等式/一元一次不等式/一元一次不等式解决实际问题/几何问题
53A34387;坐标轴上点P(x,y)的坐标特征;/函数/直角坐标系/平面直角坐标系的有关概念/坐标轴上点P(x,y)的坐标特征
53A93F73;条形图;/统计与概率/数据的整理与描述/条形图
53CB80DE;行程问题;/方程与不等式/一元一次方程/一元一次方程解决实际问题/行程问题
53CBD117;点线面体的概念;/图形的初步认识/点线面体/点线面体的概念
53E91BE6;比例的基本性质;/图形的变化/图形的相似/比例和比例线段/比例的基本性质
53F6550B;对角线乘积的二分之一;/四边形/菱形/菱形的面积/对角线乘积的二分之一
53F8C7C4;反比例函数的性质;/函数/反比例函数/反比例函数的性质
542F6663;由实际问题确定一次函数解析式;/函数/一次函数/一次函数解析式/由实际问题确定一次函数解析式
543382C5;二次函数;/函数/二次函数
546853F1;等角的余角相等，同角的余角相等;/图形的初步认识/角/互为余角的概念与性质/等角的余角相等，同角的余角相等
547F7687;纯数学问题;/数与式/整式/整式的运算解决实际问题/纯数学问题
54A9E12D;分数的基本性质;/数与式/实数有关概念/数的乘除/分数的基本性质
54B1C1C0;若平行,则k1=k2;/函数/一次函数/一次函数的图象/直线y=k1x+b1与y=k2x+b2/若平行,则k1=k2
54CDC176;数据的收集;/统计与概率/数据的收集
54DD46B9;c的几何意义(与y轴的交点);/函数/二次函数/二次函数的一般式/c的几何意义(与y轴的交点)
55B7BE23;绝对值;/数与式/实数有关概念/常见的几个非负数/绝对值
55CF71CC;绝对值;/数与式/实数有关概念/常见非负数/绝对值
566A3582;约分;/数与式/分式/约分
5684FAD8;两条直线相交，只有一个交点;/图形的初步认识/线/直线的概念与性质/两条直线相交，只有一个交点
56D3C8D5;分式方程无解;/方程与不等式/分式方程/分式方程无解
56DFF896;等腰直角三角形的性质;/三角形/直角三角形/等腰直角三角形的性质
56E443F1;根据一元二次方程的根写出二次函数的对称轴方程;/函数/二次函数/二次函数与一元二次方程之间的关系/根据一元二次方程的根写出二次函数的对称轴方程
5736AD03;解三元一次方程组;/方程与不等式/三元一次方程组/解三元一次方程组
5780C647;中心投影;/图形的变化/投影与视图/投影/中心投影
578442BF;点P(x,y)到坐标轴的距离;/函数/直角坐标系/平面直角坐标系的有关概念/点P(x,y)到坐标轴的距离
57A45242;三角形的稳定性;/三角形/三角形的稳定性/三角形的稳定性
57B9839D;二次函数图象与一次函数图象的交点问题;/函数/二次函数/二次函数与一次函数的综合/二次函数图象与一次函数图象的交点问题
57F523DF;利用运算律简化运算;/数与式/实数的运算/实数运算律/利用运算律简化运算
58435776;二元二次方程组的解;/方程与不等式/二元二次方程（组）/二元二次方程组的解
5854B5CF;三角形的”三心“;/三角形/三角形的”三心“
58B3BBE8;经济问题;/方程与不等式/一元一次方程/实际问题与一元一次方程/经济问题
58B46AEB;三个角都相等的三角形是等边三角形;/三角形/等腰三角形/等边三角形的判定/三个角都相等的三角形是等边三角形
58BF1ECD;加法结合律;/数与式/实数的运算/实数运算律/加法结合律
58CEC8E8;一般三角形面积公式;/三角形/三角形面积/一般三角形面积公式
58FB60BA;同旁内角的识别;/图形的初步认识/平行线/三线八角/同旁内角的识别
5904AC61;直接应用平方差公式运算;/数与式/整式/乘法公式/直接应用平方差公式运算
591745B0;射线的概念及其表示法;/图形的初步认识/线/射线的概念及其表示法
592F11EF;作一条线段的垂直平分线;/图形的初步认识/尺规作图/作一条线段的垂直平分线
593F6E95;各个象限内点的坐标的符号特征;/函数/直角坐标系/平面直角坐标系的有关概念/各个象限内点的坐标的符号特征
5948C18E;点线，线，面，体之间的联系;/图形的初步认识/点，直线，平面，几何体/点线，线，面，体之间的联系
5955A1EC;真命题;/图形的初步认识/定义、命题、定理、证明/命题/命题的真假/真命题
598C895A;代数式找规律;/数与式/代数式/列代数式/代数式找规律
599D04DF;二元一次方程组的其他应用;/方程与不等式/二元一次方程组/二元一次方程组的其他应用
59A7A914;不解方程判断根的情况;/方程与不等式/一元二次方程/一元二次方程根的判别式/不解方程判断根的情况
59B6234A;一元二次方程的定义;/方程与不等式/一元二次方程/一元二次方程的定义
59C3210C;频数分布直方图;/统计与概率/数据的整理与描述/频数分布直方图
59DA489E;一元高次方程的应用;/方程与不等式/高次方程/一元高次方程的应用
59F50B4B;配套问题;/方程与不等式/一元一次不等式/一元一次不等式与实际问题/配套问题
59FFE253;频数与频率（百分比）的概念;/统计与概率/频数与频率（百分比）的概念与性质/频数与频率（百分比）的概念
5A417903;正方形的判定;/四边形/正方形/正方形的判定
5A5E770A;圆心、半径;/圆/与圆有关的性质/圆的认识/圆心、半径
5AFA5014;平行投影;/图形的变化/投影与视图/投影/平行投影
5B08136C;平移的性质;/图形的变化/图形的平移/平移的性质
5B0F24C5;多项式➗多项式;/数与式/整式/整式的除法运算/多项式➗多项式
5B5814F7;圆与圆的位置关系;/圆/与圆有关的位置关系/圆与圆的位置关系
5B9C903A;其他变式问题;/方程与不等式/一元二次方程/一元二次方程的实际应用/其他变式问题
5BD7FCA1;根据概念确定正比例函数解析式;/函数/正比例函数/正比例函数的解析式/根据概念确定正比例函数解析式
5BDCA76E;对角线相等;/四边形/正方形/正方形的性质/对角线相等
5BE08196;求随机事件的概率;/统计与概率/常见问题的概率计算与应用/用列举法（列表、画树状图等）列出所有等可能的结果/求随机事件的概率
5C0480C5;带分数;/数与式/实数有关概念/分数/带分数
5CB0FF77;相遇问题;/方程与不等式/一元一次方程/一元一次方程解决实际问题/行程问题/相遇问题
5CB14191;不等式的解;/方程与不等式/不等式/不等式的解
5CF7704A;二次函数与四边形的综合;/函数/二次函数/二次函数与几何图形的综合/二次函数与四边形的综合
5D561120;实际问题;/数与式/整式/整式的运算解决实际问题/实际问题
5D66BDDE;素数;/数与式/实数有关概念/数的乘除/素数
5D81AF0D;幂的乘方;/数与式/整式/幂运算/幂的乘方
5DA409E1;工程问题;/方程与不等式/分式方程/分式方程与实际问题/工程问题
5DBB76C8;两组对边分别相等;/四边形/平行四边形/平行四边形的判定/两组对边分别相等
5DCC6886;行程问题;/函数/一次函数/能用一次函数解决简单实际问题/行程问题
5DE86EB6;实际问题;/数与式/整式/用整式解决问题/实际问题
5DED16AB;公因数;/数与式/实数有关概念/数的乘除/公因数
5E5D3701;二元一次方程组解决实际问题;/方程与不等式/二元一次方程组/二元一次方程组解决实际问题
5ECE66AB;近似数;/数与式/实数有关概念/近似数
5EE9793F;样本的代表性;/统计与概率/数据的收集/抽样调查/样本的代表性
5EEA88CF;解析法;/函数/变量与函数/函数的表示方法/解析法
5F37EED4;与一次函数、二次函数的交点问题;/函数/反比例函数/与一次函数、二次函数的交点问题
5F93FE81;相似比;/图形的变化/图形的相似/相似多边形/相似比
6011CBBB;圆锥的计算;/圆/弧长、扇形和圆锥的有关计算/圆锥的计算
6017D39A;平行于底边且等于两底和的一半;/四边形/梯形/梯形的中位线性质/平行于底边且等于两底和的一半
604F10F5;用列举法（列表、画树状图等）列出所有等可能的结果;/统计与概率/常见问题的概率计算与应用/用列举法（列表、画树状图等）列出所有等可能的结果
60CEA554;弦切角定理;/圆/与圆有关的位置关系/直线与圆位置关系/弦切角定理
60F1245C;众数意义与求法;/统计与概率/一组数据的代表/众数意义与求法
611A4016;自然数;/数与式/实数有关概念/数的乘除/自然数
61248AF6;唯一性：过一点有且仅有一条直线垂直于已知直线;/图形的初步认识/垂线与垂线段/垂线的性质/唯一性：过一点有且仅有一条直线垂直于已知直线
6130683E;设计统计表记录数据;/统计与概率/数据的整理与描述/统计表/设计统计表记录数据
6142209C;证明;/图形的初步认识/定义、命题、定理、证明/证明
615B6F7D;必然事件的列举与识别;/统计与概率/随机事件、必然事件和不可能事件/列举与识别三类事件/必然事件的列举与识别
6169DE67;已知锐角求三角函数值;/三角形/直角三角形/锐角三角函数/已知锐角求三角函数值
616A66C6;负数的概念;/数与式/实数有关概念/实数的概念与分类/负数的概念
617AA055;由度化为度分秒;/图形的初步认识/角/认识度分秒，会进行简单换算/由度化为度分秒
6192FE99;"已知函数值, 会求相应的自变量的值";"/函数/变量与函数/函数与其图象上点的坐标的关系/已知函数值, 会求相应的自变量的值"
6209C800;算术平方根;/数与式/实数有关概念/常见的几个非负数/算术平方根
624F3CF4;转为整式方程无解;/方程与不等式/分式方程/分式方程无解/转为整式方程无解
6258C0D6;由半径、弧长计算扇形面积;/圆/弧长和扇形面积/扇形面积/由半径、弧长计算扇形面积
6280B381;角的分类;/图形的初步认识/角/角的分类
629A0A16;k<0，y随x的增大而减小;/函数/正比例函数/正比例函数性质/增减性/k<0，y随x的增大而减小
629E8229;图象（k的几何特征）;/函数/一次函数/正比例函数/图象（k的几何特征）
62B3A015;增长问题;/方程与不等式/一元一次不等式/一元一次不等式解决实际问题/增长问题
62EA0097;无理方程;/方程与不等式/无理方程/无理方程
62EFE404;用待定系数法确定一次函数表达式;/函数/一次函数/用待定系数法确定一次函数表达式
63DBA475;与x轴的交点（-b/k,0);/函数/一次函数/能画出一次函数的图象/与坐标轴的交点/与x轴的交点（-b/k,0)
63F24539;轴对称有关概念;/图形的变化/图形的轴对称/轴对称有关概念
642489A0;对角线互相平分;/四边形/正方形/正方形的性质/对角线互相平分
646B69FE;点动成线，线动成面，面动成体;/图形的初步认识/点线面体/点线面体之间的联系/点动成线，线动成面，面动成体
6482C183;含参数的一元一次方程;/方程与不等式/一元一次方程/特殊形式一元一次方程/含参数的一元一次方程
64959D57;求实数的倒数;/数与式/实数有关概念/倒数/求实数的倒数
64C82193;黄金分割;/图形的变化/图形的相似/黄金分割
64F6873E;函数;/函数
650C5FAF;综合应用;/方程与不等式/一元一次不等式/一元一次不等式与实际问题/综合应用
65136128;分数的加减法;/数与式/实数有关概念/分数/分数的加减法
6525A2D1;一元一次不等式的其它应用;/方程与不等式/一元一次不等式/一元一次不等式的其它应用
652C9A78;线段的垂直平分线的概念;/图形的初步认识/垂线与垂线段/线段的垂直平分线/线段的垂直平分线的概念
655ADBC9;平移的方向与距离;/图形的变化/图形的平移/平移有关概念/平移的方向与距离
655CACE3;"假命题 （举反例可以说明一个命题是假命题）";"/图形的初步认识/定义、命题、定理、证明/命题/命题的真假/假命题 （举反例可以说明一个命题是假命题）"
656D854E;轴对称图形;/图形的变化/图形的轴对称/轴对称有关概念/轴对称图形
65904ABE;用二次函数的图象估计一元二次方程的根的大小;/函数/二次函数/二次函数与一元二次方程关系/用二次函数的图象估计一元二次方程的根的大小
65AC2F88;函数关系式为二次根式的自变量的取值范围;/函数/变量与函数/自变量的取值范围/函数关系式为二次根式的自变量的取值范围
65B1665A;不等式的定义;/方程与不等式/不等式/不等式的定义
65BC523B;括号前是常数为负;/数与式/整式/去括号法则/括号前是常数为负
65E80C88;旋转的作图;/图形的变化/图形的旋转/旋转的作图
65FBB916;已知三边长，求作一个三角形;/三角形/全等三角形/尺规作图（求作三角形）/已知三边长，求作一个三角形
660973D8;等腰三角形;/三角形/等腰三角形
667587F5;c的几何意义(与y轴的交点);/函数/二次函数/二次函数的图象与系数的关系/c的几何意义(与y轴的交点)
6677F904;分式;/数与式/分式
66972B8D;因数;/数与式/实数有关概念/数的乘除/因数
66C5D152;圆锥底面半径、高、母线等的计算;/圆/弧长、扇形和圆锥的有关计算/圆锥的计算/圆锥底面半径、高、母线等的计算
66C9683C;不等式的解集;/方程与不等式/不等式/不等式的解集
66CD25BC;投影;/图形的变化/投影与视图/投影
6745CA1B;调查工具选择与设计;/统计与概率/数据的收集/调查工具选择与设计
6753C0F2;c=0,经过原点;/函数/二次函数/二次函数的图象与系数的关系/c的几何意义(与y轴的交点)/c=0,经过原点
679FCBD2;特殊角的三角函数值;/三角形/直角三角形/锐角三角函数/特殊角的三角函数值
67BADA10;单项式×单项式;/数与式/整式/整式的乘法运算/单项式×单项式
67BBD232;k>0，y随x的增大而增大;/函数/一次函数/正比例函数/性质/增减性/k>0，y随x的增大而增大
67C946F2;利润问题;/函数/二次函数/用二次函数解决简单的实际问题/利润问题
683629F1;等边三角形概念;/三角形/等腰三角形/等边三角形概念
69039CB9;分数的乘法;/数与式/实数有关概念/分数/分数的乘法
694F6017;纯数学问题;/数与式/实数的运算/用实数解决问题/纯数学问题
695F8B78;数与式;/数与式
697993B3;直接加减可消元的二元一次方程组;/方程与不等式/二元一次方程组/解二元一次方程组/加减消元法/直接加减可消元的二元一次方程组
69C524AA;a<0,开口向下;/函数/二次函数/二次函数图象与系数的关系/a的几何意义（开口方向）/a<0,开口向下
69F816ED;k>0，图象从左向右上升;/函数/一次函数/一次函数的图象/k的几何特征/k>0，图象从左向右上升
6A3A9346;其他变式问题;/方程与不等式/二元一次方程组/实际问题与二元一次方程组/其他变式问题
6A939B65;高次方程;/方程与不等式/高次方程
6AF4352B;实际问题;/数与式/代数式/列代数式表示简单数量关系/实际问题
6AF7748E;作三角形的外接圆;/圆/与圆有关的位置关系/点与圆的位置关系/三角形的外接圆与外心/作三角形的外接圆
6B7070B3;SSS;/三角形/全等三角形/三角形全等的判定/SSS
6B7C85B7;全等三角形概念;/三角形/全等三角形/全等三角形概念
6B899A08;乘法结合律;/数与式/实数的运算/实数运算律/乘法结合律
6B96383C;正多边形与圆;/圆/正多边形与圆
6B97B80D;去括号;/方程与不等式/一元一次方程/解数字系数的一元一次方程/去括号
6C21C919;实数运算律;/数与式/实数的运算/实数运算律
6C21D7F1;追及问题;/方程与不等式/一元一次方程/一元一次方程解决实际问题/行程问题/追及问题
6C366AC3;变量与函数;/函数/变量与函数
6C661732;按精确度要求对结果取近似值;/数与式/实数有关概念/近似数/按精确度要求对结果取近似值
6C74A06B;因式分解变形后整体代入求代数式的值;/数与式/代数式/求代数式的值/因式分解变形后整体代入求代数式的值
6C791E67;几何问题;/方程与不等式/二元一次方程组/实际问题与二元一次方程组/几何问题
6CAC16B7;一元一次不等式的定义;/方程与不等式/一元一次不等式/一元一次不等式的定义
6CBC1928;分子、分母和分式三者之间的符号变换;/数与式/分式/分式基本性质/分子、分母和分式三者之间的符号变换
6CCDF620;三角形的内切圆与内心;/圆/与圆有关的位置关系/直线与圆的位置关系/三角形的内切圆与内心
6CD449E3;数字型找规律;/数与式/代数式/列代数式/数字型找规律
6CF0B927;在x轴上，y=0;/函数/直角坐标系/平面直角坐标系的有关概念/坐标轴上点P(x,y)的坐标特征/在x轴上，y=0
6D388D9A;利润问题;/方程与不等式/一元二次方程/一元二次方程解决实际问题/利润问题
6D4515BF;对应点的连线平行（或在一条直线上）且相等;/图形的变化/图形的平移/平移的基本性质/对应点的连线平行（或在一条直线上）且相等
6D6EFBFC;二元二次方程（组）;/方程与不等式/二元二次方程（组）
6D87FC11;其他变式问题;/方程与不等式/一元一次不等式/一元一次不等式与实际问题/其他变式问题
6DBE8476;图形的相似;/图形的变化/图形的相似
6DF549D2;两个角的和等于180°称为互为补角;/图形的初步认识/角/互为补角的概念与性质/两个角的和等于180°称为互为补角
6E1EFE4D;等边三角形面积公式;/三角形/三角形概念与基本性质/三角形面积/等边三角形面积公式
6E2E2A3F;用待定系数法确定反比例函数的表达式;/函数/反比例函数/用待定系数法确定反比例函数的表达式
6EE26E3A;与y轴的交点（0，b）;/函数/一次函数/一次函数的图象/与坐标轴的交点/与y轴的交点（0，b）
6F21DD05;二次函数的一般式;/函数/二次函数/二次函数的一般式
6F48329A;不等式的性质;/方程与不等式/不等式/不等式的性质
6F50274B;反证法的含义;/图形的初步认识/定义、命题、定理、证明/证明/反证法的含义
6F6F5C3A;垂直于同一直线的两条直线平行;/图形的初步认识/平行线/平行线的判定/垂直于同一直线的两条直线平行
6FEE4184;第四象限（+，—）;/函数/直角坐标系/平面直角坐标系的有关概念/各个象限内点的坐标的符号特征/第四象限（+，—）
70172DB8;线段的垂直平分线的概念;/图形的初步认识/垂线与垂线段/线段的垂直平分线概念、判定及其性质/线段的垂直平分线的概念
7026C434;阶梯价格;/函数/一次函数/一次函数解决实际问题/阶梯价格
7033DC2D;二元二次方程;/方程与不等式/二元二次方程（组）/二元二次方程
703CD02E;作一个角的平分线;/图形的初步认识/尺规作图/作一个角的平分线
704080DB;能识别两个互为逆命题;/图形的初步认识/命题与证明/原命题和逆命题/能识别两个互为逆命题
7093BB97;尺规作图（求作一个三角形）;/三角形/全等三角形/尺规作图（求作一个三角形）
715E6F28;二次函数的概念;/函数/二次函数/二次函数的概念
71718E5E;同弧所对圆周角的关系;/圆/圆的概念与性质/圆周角定理/同弧所对圆周角的关系
71910694;需转化为求概率的问题：如公平与不公平问题等;/统计与概率/概率的计算与应用/用列举法（列举、列表、画树状图）求概率解决问题/需转化为求概率的问题：如公平与不公平问题等
7233D47E;三角形的外心;/三角形/三角形概念与基本性质/三角形的三心/三角形的外心
724ABF27;转为整式方程有解，但解经检验是增根;/方程与不等式/分式方程/解分式方程/转为整式方程有解，但解经检验是增根
725EEE9C;三角形的周长;/三角形/三角形概念与基本性质/三角形的周长
72D61367;对称性;/函数/反比例函数/反比例函数的性质/对称性
72E744E5;实际问题与二元一次方程组;/方程与不等式/二元一次方程组/实际问题与二元一次方程组
73225826;分子、分母是单项式;/数与式/分式/约分/分子、分母是单项式
732643A3;会比较线段的长短;/图形的初步认识/线/线段/会比较线段的长短
73474743;相除后可直接进行约分;/数与式/分式/分式除法运算/相除后可直接进行约分
734A7AAD;等式性质2等式两边都乘以同一个数或除以同一个不为零的数，结果仍相等;/方程与不等式/等式的性质/等式性质2等式两边都乘以同一个数或除以同一个不为零的数，结果仍相等
73C902FF;线段与射线、直线之间对的关系;/图形的初步认识/线/线段/线段与射线、直线之间对的关系
7429E23A;对应线段平行（或在一条直线上）且相等;/图形的变化/图形的平移/平移的基本性质/对应线段平行（或在一条直线上）且相等
7439A4C4;平面向量;/图形的变化/平面向量
744566E0;由实际问题确定正比例函数解析式;/函数/正比例函数/正比例函数的解析式/由实际问题确定正比例函数解析式
7448152D;一次函数与四边形的综合;/函数/一次函数/一次函数与几何图形的综合/一次函数与四边形的综合
746D4C0A;与坐标轴的交点;/函数/一次函数/能画出一次函数的图象/与坐标轴的交点
747E7DBE;同弧所对圆周角的关系;/圆/与圆有关的性质/圆周角定理/同弧所对圆周角的关系
7486F12B;图形的位似;/图形的变化/图形的相似/图形的位似
74A4E38E;S=（根号3/4）a×a（a为边长）;/三角形/三角形面积/等边三角形面积公式/S=（根号3/4）a×a（a为边长）
74B7A088;k>0，在每个象限内，y随x的增大而增大;/函数/反比例函数/反比例函数的性质/增减性/k>0，在每个象限内，y随x的增大而增大
74CB6B36;对角线互相平分;/四边形/平行四边形/平行四边形的判定/对角线互相平分
74D6C435;与一次函数、反比例函数的交点问题;/函数/二次函数/与一次函数、反比例函数的交点问题
74D88487;平行四边形;/四边形/平行四边形
753B07AB;比例的应用;/图形的变化/图形的相似/比例和比例线段/比例的应用
75521F64;按角分类;/三角形/三角形概念与基本性质/三角形的分类/按角分类
755D624F;列表法;/函数/变量与函数/函数的三种表示法/列表法
756811CC;b>0,图象与y轴交于正半轴;/函数/一次函数/能画出一次函数的图象/b的几何特征/b>0,图象与y轴交于正半轴
759F36CD;必然事件的识别;/统计与概率/随机事件、必然事件和不可能事件的识别/必然事件的识别
75E028D9;平行向量定理;/图形的变化/平面向量/平面向量的线性运算/平行向量定理
75F17442;对边平行;/四边形/矩形/矩形的性质/对边平行
76224922;对称轴;/函数/二次函数/会将一般式化为顶点式（配方法，公式法）/对称轴
7633E6F0;圆心角、弧、弦的关系;/圆/与圆有关的性质/圆心角、弧、弦的关系
76B6A074;成轴对称的两个图形全等;/图形的变化/图形的轴对称/轴对称的性质/成轴对称的两个图形全等
76DB9E42;定义;/图形的初步认识/定义、命题、定理、证明/定义
7735EAB5;性质：直角三角形斜边上的中线等于斜边的一半;/三角形/直角三角形/直角三角形的性质/性质：直角三角形斜边上的中线等于斜边的一半
774A50FE;概率的意义;/统计与概率/概率的意义与定义/概率的意义
77585862;已知锐角三角函数值求锐角度数;/三角形/直角三角形/直角三角形的性质/锐角三角函数的概念及简单应用/已知锐角三角函数值求锐角度数
779DC2AD;整数;/数与式/实数有关概念/数的乘除/整数
77CBD384;单项式×多项式;/数与式/整式/整式的乘法运算/单项式×多项式
77E01586;加法结合律;/数与式/实数的运算/实数的运算律/加法结合律
781B0C22;配套问题;/方程与不等式/一元一次方程/实际问题与一元一次方程/配套问题
7839F985;在第二四象限角平分线上，x+y=0;/函数/直角坐标系/平面直角坐标系的有关概念/象限角平分线上的点P(x,y)的坐标特征/在第二四象限角平分线上，x+y=0
78617178;用样本平均数估计总体平均数;/统计与概率/统计结果的应用/从样本估计总体/用样本平均数估计总体平均数
786423E1;用二次函数解决的其它实际问题;/函数/二次函数/二次函数解决实际问题/用二次函数解决的其它实际问题
78682C52;自变量x的取值范围;/函数/反比例函数/反比例函数的概念/自变量x的取值范围
786CFDC2;负指数的运算;/数与式/实数的运算/乘方/负指数的运算
78961CDE;圆周角定理;/圆/与圆有关的性质/圆周角定理
78C279BB;不可能事件的概率：p(A)=0;/统计与概率/概率的意义与定义/不可能事件的概率：p(A)=0
78D5589A;增减性;/函数/一次函数/正比例函数/增减性
7904FCBE;用图象法表示函数;/函数/变量与函数/函数的三种表示法/图象法/用图象法表示函数
795DBC81;经济问题;/方程与不等式/一元一次不等式/一元一次不等式与实际问题/经济问题
79623E78;图形的平移;/图形的变化/图形的平移
796BB845;点的平移;/函数/直角坐标系/直角坐标系与位置/用坐标表示平移/点的平移
79739C25;多项式×多项式;/数与式/整式/整式的乘法运算/多项式×多项式
7A25BF8C;与一次函数的交点;/函数/二次函数/与一次函数、反比例函数的交点问题/与一次函数的交点
7A48A93C;一元二次方程求根后因式分解;/数与式/多项式因式分解/公式法因式分解/一元二次方程求根后因式分解
7A9E99B6;幂运算;/数与式/整式/幂运算
7AB9C2E0;弧长和扇形面积;/圆/弧长和扇形面积
7B0BBD89;方程与不等式;/方程与不等式
7B1F31D2;增减性;/函数/正比例函数/正比例函数性质/增减性
7B5A89C8;自变量x的取值范围;/函数/反比例函数/反比例函数的概念:y=k/x/自变量x的取值范围
7B85125D;概率的取值范围;/统计与概率/概率的意义与定义/概率的取值范围
7B99FA1D;从样本估计总体;/统计与概率/统计结果的应用/从样本估计总体
7BA98C4B;一次函数与二元一次方程组的关系;/函数/一次函数/一次函数与方程（组）、不等式关系/一次函数与二元一次方程组的关系
7BB59BAB;积分问题;/方程与不等式/二元一次方程组/实际问题与二元一次方程组/积分问题
7BC32146;两点之间距离;/函数/直角坐标系/平面直角坐标系的有关概念/坐标系里的距离问题/两点之间距离
7BC9F72C;用描点法画正比例函数的图象;/函数/正比例函数/用描点法画正比例函数的图象
7BDD8ACD;同旁内角互补，两直线平行;/图形的初步认识/平行线/平行线的判定/同旁内角互补，两直线平行
7BE0B43E;相反数的几何意义;/数与式/实数有关概念/相反数/相反数的几何意义
7BEF7B5C;多边形的外角和等于360°;/三角形/多边形及其内角和/多边形的外角和等于360°
7BF58FCF;反比例函数的概念:y=k/x;/函数/反比例函数/反比例函数的概念:y=k/x
7C233A6B;二元二次方程组;/方程与不等式/二元二次方程（组）/二元二次方程组
7C285023;梯形的面积;/四边形/梯形/梯形的面积
7C2EE10B;用频率估计概率;/统计与概率/概率的计算与应用/用频率估计概率
7C4C706F;分子、分母含需要因式分解的多项式;/数与式/分式/约分/分子、分母含需要因式分解的多项式
7C5FDEF8;直角三角形面积公式;/三角形/三角形概念与基本性质/三角形面积/直角三角形面积公式
7D0A9A5B;公切线;/圆/与圆有关的位置关系/直线与圆位置关系/公切线
7D1E03DC;频数与频率相关性质;/统计与概率/频数与频率（百分比）/频数与频率相关性质
7D8E1CB0;图象上的任意一点（x，y）中的x，y满足函数解析式;/函数/对应关系/函数图象上点的坐标/图象上的任意一点（x，y）中的x，y满足函数解析式
7DB5F77D;频数与频率的概念;/统计与概率/频数与频率的概念
7DC2B3BD;整式的概念;/数与式/整式/整式的概念
7DCA4F85;单位向量;/图形的变化/平面向量/平面向量的线性运算/单位向量
7DEA95E5;b=0,以y轴为对称轴;/函数/二次函数/二次函数图象与系数的关系/a,b的几何意义（对称轴）/b=0,以y轴为对称轴
7DFA33E4;函数图象上点的坐标;/函数/对应关系/函数图象上点的坐标
7E2BA850;反比例函数与三角形的综合;/函数/反比例函数/反比例函数与几何图形的综合/反比例函数与三角形的综合
7E3209A1;线段的概念与性质;/图形的初步认识/线/线段的概念与性质
7E471BE7;命题的意义;/图形的初步认识/定义、命题、定理、证明/命题/命题的意义
7E4A8673;三角形的稳定性;/三角形/三角形概念与基本性质/三角形的稳定性
7E586D71;旋转中心;/图形的变化/图形的旋转/旋转有关概念/旋转中心
7E612723;对应角相等;/三角形/全等三角形/全等三角形的性质/对应角相等
7E6E0462;数字型找规律;/数与式/代数式/列代数式表示简单数量关系/数字型找规律
7E95FF96;一元二次方程定义;/方程与不等式/一元二次方程/一元二次方程定义
7EE67D45;过一点画已知直线的垂线;/图形的初步认识/垂线与垂线段/过一点画已知直线的垂线
7EF652E0;命题的组成;/图形的初步认识/命题与证明/命题的组成
7F37E7FC;加减消元法;/方程与不等式/二元一次方程组/解二元一次方程组/加减消元法
7F92888D;二项方程;/方程与不等式/二项方程/二项方程
7FA22571;其他变式问题;/方程与不等式/分式方程/分式方程与实际问题/其他变式问题
7FB7A84F;多项式相关概念;/数与式/整式/整式的概念/多项式相关概念
7FC624F3;以根构造一元二次方程;/方程与不等式/一元二次方程/一元二次方程根与系数的关系/以根构造一元二次方程
801CE62C;m=n×P(A);/统计与概率/概率的计算与应用/m=n×P(A)
8028E224;拱桥问题;/函数/二次函数/二次函数解决实际问题/拱桥问题
803EAD8F;化简|a|（其中a为代数式）;/数与式/实数有关概念/绝对值/化简|a|（其中a为代数式）
80787B63;两点之间的距离;/图形的初步认识/线/线段的概念与性质/两点之间的距离
80AED6AA;条件:已知的事项;/图形的初步认识/命题与证明/命题的组成/条件:已知的事项
810B1574;围墙问题;/方程与不等式/一元二次方程/一元二次方程的实际应用/围墙问题
81146BAE;圆的周长;/圆/圆的概念与性质/圆的周长
8133C93A;方案选择;/方程与不等式/一元一次方程/实际问题与一元一次方程/方案选择
819CF54D;等式的性质;/方程与不等式/等式的性质
81B84E6F;对角相等;/四边形/平行四边形/平行四边形的性质/对角相等
82140FA6;用列举法（列表、画树状图等）列出所有等可能的结果;/统计与概率/概率的计算与应用/用列举法（列表、画树状图等）列出所有等可能的结果
82375E6A;分式方程的其他应用;/方程与不等式/分式方程/分式方程的其他应用
829153C5;等式的性质;/方程与不等式/等式的性质/等式的性质
8354F439;加权平均数意义与求法;/统计与概率/一组数据的代表/加权平均数意义与求法
835F3EBA;不等式性质1不等式两边加或减同一个数，不等式方向不变;/方程与不等式/不等式/不等式性质/不等式性质1不等式两边加或减同一个数，不等式方向不变
83BAD292;对边相等;/四边形/矩形/矩形的性质/对边相等
843B7A00;角的平分线;/图形的初步认识/角/角的平分线
8450A9B7;对称性;/函数/二次函数/二次函数的性质/对称性
84776EC6;全等三角形;/三角形/全等三角形
84AEFA79;经济问题;/方程与不等式/二元一次方程组/实际问题与二元一次方程组/经济问题
84CB834A;正方形的定义;/四边形/正方形/正方形的定义
859CC4BB;三角形内心的确定;/圆/与圆有关的位置关系/直线与圆位置关系/三角形的内切圆与内心/三角形内心的确定
85AF4657;自变量与函数值;/函数/对应关系/自变量与函数值
864BAF9F;平移的作图;/图形的变化/图形的平移/平移的作图
864E70C2;随机事件的概率：0<p(A)<1;/统计与概率/概率的意义与定义/概率的取值范围/随机事件的概率：0<p(A)<1
864F3BBB;实际问题;/数与式/分式/用分式解决问题/实际问题
8651E5E8;二次函数图象与反比例函数图象的交点问题;/函数/二次函数/二次函数与反比例函数的综合/二次函数图象与反比例函数图象的交点问题
86923CE7;求一个实数的平方根;/数与式/实数的运算/开方/平方根/求一个实数的平方根
86B8E223;求一个实数的算术平方根;/数与式/实数的运算/实数的开方/算术平方根/求一个实数的算术平方根
86E0C3D8;函数的表示方法;/函数/变量与函数/函数的表示方法
86F5F7C8;三角形的外接圆与外心;/圆/与圆有关的位置关系/点与圆的位置关系/三角形的外接圆与外心
87407112;梯形的概念;/四边形/梯形/梯形的概念
87461242;概率的意义;/统计与概率/概率的意义
8749BD20;其他;/三角形/直角三角形/锐角三角函数的实际应用/其他
875C26B0;常见问题的概率计算与应用;/统计与概率/常见问题的概率计算与应用
875CC377;过已知直线外一点画平行线;/图形的初步认识/平行线/过已知直线外一点画平行线
876B76E5;ASA;/三角形/全等三角形/三角形全等的判定/ASA
87B67FCB;点与圆的位置关系;/圆/与圆有关的位置关系/点与圆的位置关系
87CB29FF;二次根式加、减法;/数与式/实数的运算/二次根式/二次根式加、减法
887986DC;用二次函数的图象理解一元二次方程的根的几何意义;/函数/二次函数/二次函数与一元二次方程关系/用二次函数的图象理解一元二次方程的根的几何意义
8906E10D;二次函数与反比例函数的综合;/函数/二次函数/二次函数与反比例函数的综合
8913298E;概念：y=kx+b(k不为0）;/函数/一次函数/一次函数的概念/概念：y=kx+b(k不为0）
89842AB6;投影与视图;/图形的变化/投影与视图
89DE0EAB;三角形外心的确定;/圆/与圆有关的位置关系/点与圆位置关系/三角形的外接圆与外心/三角形外心的确定
8A36C3F7;一次函数与一元一次方程的关系;/函数/一次函数/一次函数与方程，不等式，方程组之间的关系/一次函数与一元一次方程的关系
8A5A4B4B;用二次函数的图象理解一元二次方程的根的几何意义;/函数/二次函数/二次函数与一元二次方程之间的关系/用二次函数的图象理解一元二次方程的根的几何意义
8A5EA613;公倍数;/数与式/实数有关概念/数的乘除/公倍数
8A64386A;综合应用;/方程与不等式/一元二次方程/一元二次方程的实际应用/综合应用
8A644F6F;轴对称的识别;/图形的变化/图形的轴对称/轴对称有关概念/轴对称的识别
8A79B6FC;象限角平分线上的点的坐标特征;/函数/直角坐标系/平面直角坐标系的有关概念/象限角平分线上的点的坐标特征
8ACC8E0B;点P(x,y)到y轴的距离是x的绝对值;/函数/直角坐标系/平面直角坐标系的有关概念/坐标系里的距离问题/点P(x,y)到y轴的距离是x的绝对值
8AE2B943;轴对称图形与轴对称;/图形的变化/图形的轴对称/轴对称有关概念/轴对称图形与轴对称
8B07B9AB;实数的概念与分类;/数与式/实数有关概念/实数的概念与分类
8B693CA9;分数、小数的混合运算;/数与式/实数有关概念/分数/分数、小数的混合运算
8B78ECA4;几何图形找规律;/数与式/代数式/列代数式/几何图形找规律
8B902EFC;二次函数值与反比例函数值的大小比较;/函数/二次函数/二次函数与反比例函数的综合/二次函数值与反比例函数值的大小比较
8B9E506B;三角形的内心;/三角形/三角形概念与基本性质/三角形的三心/三角形的内心
8B9F5380;整式的加、减运算;/数与式/整式/整式的加、减运算
8BA0E006;概率的计算与应用;/统计与概率/概率的计算与应用
8BA45C88;表达式：y=kx(k不为0）;/函数/一次函数/正比例函数/表达式：y=kx(k不为0）
8BB9A557;实数与向量相乘的运算律;/图形的变化/平面向量/平面向量的线性运算/实数与向量相乘的运算律
8C2C12B0;解一元二次方程;/方程与不等式/一元二次方程/解一元二次方程/解一元二次方程
8C3A35DC;图形的旋转;/图形的变化/图形的旋转
8C561F4E;因式分解解决简单应用问题;/数与式/多项式因式分解/因式分解解决简单应用问题
8CB6EAE9;用样本方差估计总体方差;/统计与概率/利用统计结果作出判断或决策/用样本方差估计总体方差
8CCB8F07;解释折线图中蕴涵的信息;/统计与概率/数据的整理与描述/折线图/解释折线图中蕴涵的信息
8D030EA6;直角：等于90°;/图形的初步认识/角/角的分类/直角：等于90°
8D0BCF74;用待定系数法确定反比例函数解析式;/函数/反比例函数/反比例函数的解析式/用待定系数法确定反比例函数解析式
8D22C6C1;角平分线上的点到角两边的距离相等;/图形的初步认识/角/掌握角平分线的概念、判定及其性质/角平分线上的点到角两边的距离相等
8D512DED;平均数意义与求法;/统计与概率/一组数据的代表/平均数意义与求法
8DB6C1CA;用列举法（列举、列表、画树状图）求概率解决问题;/统计与概率/概率的计算与应用/用列举法（列举、列表、画树状图）求概率解决问题
8E284FA9;k>0，在每个象限内，y随x的增大而减小;/函数/反比例函数/反比例函数的性质/增减性/k>0，在每个象限内，y随x的增大而减小
8E317051;二次函数与一元二次方程关系;/函数/二次函数/二次函数与一元二次方程关系
8E32D78A;正方形的性质;/四边形/正方形/正方形的性质
8F0B68D2;三角形内心的确定;/圆/与圆有关的位置关系/直线与圆的位置关系/三角形的内切圆与内心/三角形内心的确定
8F182AB8;开口方向;/函数/二次函数/会用配方法或公式法将一般式化为顶点式/开口方向
8FBEA361;反比例函数的解析式;/函数/反比例函数/反比例函数的解析式
8FE20031;三角形面积;/三角形/三角形面积
9011E047;S=ah/2（a为底边，h为高）;/三角形/三角形面积/一般三角形面积公式/S=ah/2（a为底边，h为高）
907AF0C1;相似三角形的性质;/三角形/相似三角形/相似三角形的性质
9091E862;顶点坐标;/函数/二次函数/会将一般式化为顶点式（配方法，公式法）/顶点坐标
90CDFBB3;整式的加减乘除混合运算;/数与式/整式/整式混合运算/整式的加减乘除混合运算
910BBEE8;统计图的选择;/统计与概率/数据的整理与描述/统计图的选择
911ABA33;纯数学问题;/数与式/代数式/列代数式表示简单数量关系/纯数学问题
91577127;水电费问题;/方程与不等式/分式方程/分式方程解决实际问题/水电费问题
9164D85E;样本的典型性;/统计与概率/数据的收集/抽样调查/样本的典型性
918A589F;几何问题;/方程与不等式/一元一次不等式/一元一次不等式与实际问题/几何问题
919307CD;应用乘法公式整体代入求代数式的值;/数与式/代数式/求代数式的值/应用乘法公式整体代入求代数式的值
919B5AF9;中心对称图形;/图形的变化/图形的旋转/旋转有关概念/中心对称图形
91A3E1F7;用二次函数解决简单的实际问题;/函数/二次函数/用二次函数解决简单的实际问题
91AED1C2;常量与变量;/函数/变量与函数/常量与变量
922530F3;整式乘法运算;/数与式/整式/整式乘法运算
925005C0;整式的加减运算;/数与式/整式/整式加减运算/整式的加减运算
925E121E;公式法因式分解;/数与式/多项式因式分解/公式法因式分解
92CC075C;不等式解集的数轴表示;/方程与不等式/不等式/不等式解集的数轴表示
92FE6617;根据统计结果解释现象;/统计与概率/利用统计结果作出判断或决策/根据统计结果解释现象
931291D5;抛物问题;/方程与不等式/一元二次方程/一元二次方程解决实际问题/抛物问题
932352E5;分数指数幂;/数与式/整式/幂运算/分数指数幂
93A145A1;对应点到旋转中心的距离相等，且对应的线段、对应角相等;/图形的变化/图形的旋转/旋转的性质/对应点到旋转中心的距离相等，且对应的线段、对应角相等
93B28046;实数的加、减法运算;/数与式/实数的运算/实数的加、减法运算
93B660F3;平行四边形的定义;/四边形/平行四边形/平行四边形的定义
93C77DC2;乘法分配律;/数与式/实数的运算/实数运算律/乘法分配律
947326D6;特殊形式一元一次方程;/方程与不等式/一元一次方程/特殊形式一元一次方程
94C41897;切割线定理;/圆/与圆有关的位置关系/直线与圆位置关系/切割线定理
94FCDD27;直线的概念及其表示法;/图形的初步认识/线/直线的概念与性质/直线的概念及其表示法
9506D6E0;分母是互为相反数的分式相加、减;/数与式/分式/分式加、减运算/分母是互为相反数的分式相加、减
951CFD0B;根据三视图描述基本几何体;/图形的变化/投影与视图/三视图/根据三视图描述基本几何体
9529595C;一组对边平行，一组对边不平行;/四边形/梯形/梯形的概念/一组对边平行，一组对边不平行
954ABB81;一次函数与一元一次方程的关系;/函数/一次函数/一次函数与方程（组）、不等式关系/一次函数与一元一次方程的关系
955BF851;三角形的高;/三角形/三角形概念与基本性质/三角形中的重要线段/三角形的高
955DE0EB;分式乘法运算;/数与式/分式/分式乘法运算
9580565F;一次函数与二元一次方程组的关系;/函数/一次函数/一次函数与方程，不等式，方程组之间的关系/一次函数与二元一次方程组的关系
95E270A9;立方公式;/数与式/整式/乘法公式/立方公式
964FDA30;性质：直角三角形中，30°角所对的直角边等于斜边的一半;/三角形/直角三角形/直角三角形的性质/性质：直角三角形中，30°角所对的直角边等于斜边的一半
96AE6AA5;旋转角度都相等，旋转方向都相同;/图形的变化/图形的旋转/旋转的基本性质/旋转角度都相等，旋转方向都相同
96D159AD;三角形的稳定性;/三角形/三角形的稳定性
96D3C1D2;整式的加、减运算;/数与式/整式/整式的加、减运算/整式的加、减运算
96F79A6D;在原点，x=y=0;/函数/直角坐标系/平面直角坐标系的有关概念/坐标轴上点P(x,y)的坐标特征/在原点，x=y=0
97337E95;根据一元二次方程的根或对称点的坐标写出二次函数的对称轴方程;/函数/二次函数/二次函数与一元二次方程关系/根据一元二次方程的根或对称点的坐标写出二次函数的对称轴方程
979B406C;能过一点画已知直线的垂线;/图形的初步认识/垂线与垂线段/能过一点画已知直线的垂线
97AA216A;纯数学问题;/数与式/分式/分式运算解决简单问题/纯数学问题
97AD9725;圆锥的计算;/圆/弧长和扇形面积/圆锥的计算
97E05B07;角;/图形的初步认识/角
980D7A26;工程问题;/方程与不等式/二元一次方程组/实际问题与二元一次方程组/工程问题
983CB352;平行线的性质;/图形的初步认识/平行线/平行线的性质
984FB6CE;折叠问题;/图形的变化/图形的轴对称/折叠问题
9861D9AD;三角形全等的判定;/三角形/全等三角形/三角形全等的判定
9873C6DA;二次根式的概念;/数与式/实数的运算/二次根式/二次根式的概念
98998774;与x轴的交点（-b/k,0);/函数/一次函数/一次函数的图象/与坐标轴的交点/与x轴的交点（-b/k,0)
98AEB5F7;十字相乘法;/数与式/多项式因式分解/公式法因式分解/十字相乘法
98B72554;沿y轴方向上下平移;/函数/一次函数/能画出一次函数的图象/一次函数的平移/沿y轴方向上下平移
98E35737;实数的除法运算;/数与式/实数的运算/实数的除法运算
98F2B04E;直线的概念及其表示法;/图形的初步认识/线/直线/直线的概念及其表示法
98FF1957;综合应用;/方程与不等式/二元一次方程组/实际问题与二元一次方程组/综合应用
994F3433;平行四边形的性质;/四边形/平行四边形/平行四边形的性质
9968B6E5;比和比值;/数与式/实数有关概念/分数/比和比值
9976DB68;点动成线，线动成面，面动成体;/图形的初步认识/点，直线，平面，几何体/点线，线，面，体之间的联系/点动成线，线动成面，面动成体
999ADECC;已知两角及其夹边，求作一个三角形;/三角形/全等三角形/尺规作图（求作一个三角形）/已知两角及其夹边，求作一个三角形
99B45153;勾股定理;/三角形/直角三角形/直角三角形的性质/勾股定理
99BB85E7;等腰直角三角形的判定;/三角形/直角三角形/等腰直角三角形的判定
99CC2B49;到线段两个端点距离相等的点在这条线段的垂直平分线上;/图形的初步认识/垂线与垂线段/线段的垂直平分线/到线段两个端点距离相等的点在这条线段的垂直平分线上
99F4C8B0;钝角：大于90°，小于180°;/图形的初步认识/角/角的分类/钝角：大于90°，小于180°
9A2F1A8F;a<0,图象在对称轴左侧y随x的增大而增大，在对称轴右侧y随x的增大而减小;/函数/二次函数/二次函数的性质/增减性/a<0,图象在对称轴左侧y随x的增大而增大，在对称轴右侧y随x的增大而减小
9A404C7E;圆的概念与性质;/圆/圆的概念与性质
9A44C32D;一元一次不等式组的定义;/方程与不等式/一次不等式组/一元一次不等式组的定义
9A5EF6B6;综合法的证明格式及过程要求;/图形的初步认识/命题与证明/证明方法/综合法的证明格式及过程要求
9A6C6465;分母间有公因式;/数与式/分式/通分/分母间有公因式
9A962991;点到直线的距离的意义;/图形的初步认识/垂线与垂线段/点到直线的距离/点到直线的距离的意义
9AE965A6;分数的大小比较;/数与式/实数有关概念/分数/分数的大小比较
9AF46875;平角的概念;/图形的初步认识/角/角的分类/平角的概念
9B2C9AB9;配套问题;/方程与不等式/一元一次不等式/一元一次不等式解决实际问题/配套问题
9B5627C6;锐角三角函数的概念;/三角形/直角三角形/直角三角形的性质/锐角三角函数的概念及简单应用/锐角三角函数的概念
9B6479B1;等腰三角形是轴对称图形;/三角形/等腰三角形/等腰三角形的性质/等腰三角形是轴对称图形
9B6C6BE7;二元一次方程;/方程与不等式/二元一次方程
9B6E1F0D;k>0，y随x的增大而增大;/函数/正比例函数/正比例函数性质/增减性/k>0，y随x的增大而增大
9B7EE8E9;全等形概念;/三角形/全等三角形/全等形概念
9BC88F5E;阶梯价格类型;/函数/一次函数/能用一次函数解决简单实际问题/阶梯价格类型
9C25AC66;平移的基本性质;/图形的变化/图形的平移/平移的基本性质
9C3C46A7;切线长定理;/圆/与圆有关的位置关系/直线与圆位置关系/切线长定理
9C75999B;实数的开方;/数与式/实数的运算/实数的开方
9C7EA317;沿y轴方向上下平移;/函数/二次函数/二次函数的性质/平移问题/沿y轴方向上下平移
9CD0F305;a的几何意义（开口方向）;/函数/二次函数/二次函数图象与系数的关系/a的几何意义（开口方向）
9D11F5BE;与反比例函数的交点;/函数/二次函数/与一次函数、反比例函数的交点问题/与反比例函数的交点
9D23A813;与坐标轴的交点;/函数/一次函数/一次函数的图象/与坐标轴的交点
9D34B922;三视图;/图形的变化/投影与视图/三视图
9D42DDDF;"假命题 （举反例说明一个命题是假命题）";"/图形的初步认识/命题与证明/真命题与假命题/假命题 （举反例说明一个命题是假命题）"
9D5ABC85;不等式性质2不等式两边同时乘以或除以个同一个正数，不等式方向不变;/方程与不等式/不等式/不等式的性质/不等式性质2不等式两边同时乘以或除以个同一个正数，不等式方向不变
9D976D17;三角形的角平分线;/三角形/三角形中的重要线段/三角形的角平分线
9DCE6132;一组对边平行，一组对边不平行;/四边形/梯形/梯形的定义/一组对边平行，一组对边不平行
9DE86B0B;k不等于0;/函数/反比例函数/反比例函数的概念/k不等于0
9E27289C;正多边形的有关概念;/圆/正多边形与圆/正多边形的有关概念
9E3915CF;中心对称图形与图形的中心对称;/图形的变化/图形的旋转/旋转对称图形/中心对称图形与图形的中心对称
9E4FC729;k<0，y随x的增大而减小;/函数/一次函数/正比例函数/性质/增减性/k<0，y随x的增大而减小
9E72A811;切线的性质;/圆/与圆有关的位置关系/直线与圆的位置关系/切线的性质
9EC8B111;二次函数与圆的综合;/函数/二次函数/二次函数与几何图形的综合/二次函数与圆的综合
9ECB790E;角平分线的概念;/图形的初步认识/角/角的平分线/角平分线的概念
9EE090A9;含30°角直角三角形;/三角形/直角三角形/含30°角直角三角形
9EEC208B;矩形的面积;/四边形/矩形/矩形的面积
9F172991;实数混合运算;/数与式/实数的运算/实数混合运算
9F31377C;倒数;/数与式/实数有关概念/倒数
9F3CDD0D;有一个角是60°的等腰三角形是等边三角形;/三角形/等腰三角形/等边三角形的判定/有一个角是60°的等腰三角形是等边三角形
9F480CA6;一元一次不等式组的整数解;/方程与不等式/一次不等式组/一元一次不等式组的解/一元一次不等式组的整数解
9F547ED7;对角线互相垂直平分的四边形;/四边形/菱形/菱形的判定/对角线互相垂直平分的四边形
9F736F87;圆心、半径;/圆/圆的概念与性质/圆的认识/圆心、半径
9F86A911;描点法画反比例函数的图象;/函数/反比例函数/反比例函数图象/描点法画反比例函数的图象
9F8FA799;一组数据的代表;/统计与概率/一组数据的代表
9FB6F716;常见非负数;/数与式/实数有关概念/常见非负数
9FC1667B;能用反比例函数解决简单实际问题;/函数/反比例函数/能用反比例函数解决简单实际问题
A008F4EB;提公因式法因式分解;/数与式/多项式因式分解/提公因式法因式分解
A00EFE34;两条直线的交点坐标与二元一次方程组的解的关系;/函数/一次函数/一次函数与方程，不等式之间的关系/两条直线的交点坐标与二元一次方程组的解的关系
A0209E00;实际问题;/数与式/实数的运算/用实数解决问题/实际问题
A064A261;定理;/图形的初步认识/定义、命题、定理、证明/定理
A06A31E7;增长问题;/方程与不等式/一元一次不等式/一元一次不等式与实际问题/增长问题
A075CECE;每个对象出现的次数；每个对象出现的次数与总次数的比值;/统计与概率/频数与频率（百分比）/频数与频率相关概念/每个对象出现的次数；每个对象出现的次数与总次数的比值
A09C4E69;对称性;/函数/一次函数/正比例函数/性质/对称性
A0C8B26B;移项;/方程与不等式/一元一次方程/解数字系数的一元一次方程/移项
A0D6E3A4;b=0,以y轴为对称轴;/函数/二次函数/二次函数的图象与系数的关系/a,b的几何意义（对称轴）/b=0,以y轴为对称轴
A0D9723B;中点坐标公式;/函数/直角坐标系/平面直角坐标系的有关概念/坐标系里的距离问题/中点坐标公式
A104D556;a,b的几何意义（对称轴）;/函数/二次函数/二次函数的一般式/a,b的几何意义（对称轴）
A11388AE;命题与证明;/图形的初步认识/命题与证明
A13D8306;k<0，图象从左向右下降;/函数/一次函数/正比例函数/图象（k的几何特征）/k<0，图象从左向右下降
A184FC5D;多项式×多项式;/数与式/整式/整式乘法运算/多项式×多项式
A198CAE7;立方根的概念;/数与式/实数的运算/开方/立方根/立方根的概念
A19F102E;对角线互相垂直;/四边形/菱形/菱形的性质/对角线互相垂直
A19F75E5;工程问题;/方程与不等式/分式方程/分式方程解决实际问题/工程问题
A1EF0CE7;能度量点到直线的距离;/图形的初步认识/垂线与垂线段/点到直线的距离/能度量点到直线的距离
A26987C4;正比例函数的解析式;/函数/正比例函数/正比例函数的解析式
A2979FD3;四条边相等;/四边形/正方形/正方形的性质/四条边相等
A2ECADF0;立方根;/数与式/实数的运算/实数的开方/立方根
A2FB19FF;因式分解的定义;/数与式/多项式因式分解/因式分解的定义
A3115EA9;命题;/图形的初步认识/定义、命题、定理、证明/命题
A358CBD7;三角形的分类;/三角形/三角形概念与基本性质/三角形的分类
A38BEEA8;a,b异号，对称轴在y轴的右侧;/函数/二次函数/二次函数的图象与系数的关系/a,b的几何意义（对称轴）/a,b异号，对称轴在y轴的右侧
A3D77DEF;k<0，图象在第二四象限;/函数/反比例函数/反比例函数图象/k<0，图象在第二四象限
A3E390E6;相似三角形;/三角形/相似三角形
A3E7B467;正多边形的有关计算;/圆/正多边形与圆/正多边形的有关计算
A422065B;一次函数的概念;/函数/一次函数/一次函数的概念
A473FF6C;一次函数解决实际问题;/函数/一次函数/一次函数解决实际问题
A4830A8C;分式的值为0的条件;/数与式/分式/分式的概念/分式的值为0的条件
A4DF06D9;水电费问题;/方程与不等式/分式方程/分式方程与实际问题/水电费问题
A4E0B258;真命题与假命题;/图形的初步认识/命题与证明/真命题与假命题
A50B0A3C;异分母相加、减;/数与式/分式/分式加、减运算/异分母相加、减
A55AE9E8;满足函数解析式的任意一对（x，y）所对应的点一定在函数的图象上;/函数/对应关系/函数图象上点的坐标/满足函数解析式的任意一对（x，y）所对应的点一定在函数的图象上
A5D91771;完全平方公式因式分解;/数与式/多项式因式分解/公式法因式分解/完全平方公式因式分解
A5E5AB84;统计与概率;/统计与概率
A62A29AB;长方体的元素;/图形的初步认识/点线面体/点线面体之间的联系/长方体的元素
A6432C90;互为补角的概念与性质;/图形的初步认识/角/互为补角的概念与性质
A643516F;图形的轴对称;/图形的变化/图形的轴对称
A64AE921;自变量的取值范围;/函数/变量与函数/自变量的取值范围
A6DE37B9;会比较角的大小;/图形的初步认识/角/会比较角的大小
A6FAB186;平面向量的减法;/图形的变化/平面向量/平面向量及其加减/平面向量的减法
A73817CC;整式的乘法运算;/数与式/整式/整式的乘法运算
A73BD040;二次根式;/数与式/实数的运算/二次根式
A75BA5AA;分式方程的解法--可化为一元一次方程;/方程与不等式/分式方程/解分式方程/分式方程的解法--可化为一元一次方程
A7776EB5;线段的垂直平分线上的点到线段两个端点的距离相等;/图形的初步认识/垂线与垂线段/线段的垂直平分线概念、判定及其性质/线段的垂直平分线上的点到线段两个端点的距离相等
A78EBE70;折叠中的剪纸问题;/图形的变化/图形的轴对称/折叠问题/折叠中的剪纸问题
A7A8DA3A;积分问题;/方程与不等式/一元一次方程/实际问题与一元一次方程/积分问题
A7D5CE5D;综合应用;/方程与不等式/一元一次不等式/一元一次不等式解决实际问题/综合应用
A7DB36F3;不等式性质3;/方程与不等式/不等式/不等式的性质/不等式性质3
A7E71CC1;完全平方与平方和的变形;/数与式/整式/乘法公式/完全平方与平方和的变形
A7ECFC13;确定一个圆的条件;/圆/与圆有关的位置关系/点与圆的位置关系/三角形的外接圆与外心/确定一个圆的条件
A7FF9147;相交弦定理;/圆/与圆有关的位置关系/直线与圆位置关系/相交弦定理
A84EFA39;去括号;/数与式/整式/去括号
A8597392;平面展开图;/图形的变化/投影与视图/平面展开图
A87D2FEC;四边形的不稳定性;/四边形/四边形的不稳定性/四边形的不稳定性
A8B1DDF6;菱形的面积;/四边形/菱形/菱形的面积
A8B910D4;二次函数值与一次函数值的大小比较;/函数/二次函数/二次函数与一次函数的综合/二次函数值与一次函数值的大小比较
A9376B3A;c<0,与y轴交于负半轴;/函数/二次函数/二次函数的图象与系数的关系/c的几何意义(与y轴的交点)/c<0,与y轴交于负半轴
A967CD9F;坐标轴上点的坐标特征;/函数/直角坐标系/平面直角坐标系的有关概念/坐标轴上点的坐标特征
A977C51E;乘法公式;/数与式/整式/乘法公式
A9AF90FC;到x轴的距离是y的绝对值;/函数/直角坐标系/平面直角坐标系的有关概念/点P(x,y)到坐标轴的距离/到x轴的距离是y的绝对值
AA2271A7;一元二次方程;/方程与不等式/一元二次方程
AA43EDDB;向量加法的三角形法则;/图形的变化/平面向量/平面向量及其加减/向量加法的三角形法则
AA6A7CF4;整体代入求解的问题;/方程与不等式/分式方程/分式方程的其他应用/整体代入求解的问题
AA75FBA9;近似数的概念;/数与式/实数有关概念/近似数/近似数的概念
AA76A0A6;必然事件的概率：p(A)=1;/统计与概率/概率的意义与定义/必然事件的概率：p(A)=1
AAB9D6E3;平移图形;/图形的变化/图形的平移/平移有关概念/平移图形
AB151DFD;图形的初步认识;/图形的初步认识
AB1CCABD;多项式因式分解;/数与式/多项式因式分解
AB515F49;"假命题 （举反例可以说明一个命题是假命题）";"/图形的初步认识/命题与证明/真命题与假命题/假命题 （举反例可以说明一个命题是假命题）"
AB747E4E;同类项的概念;/数与式/整式/整式的加、减运算/同类项的概念
ABBBBB11;"用频率估计概率 解决问题";"/统计与概率/概率的计算与应用/用频率估计概率 解决问题"
ABF0D018;两组对边分别平行;/四边形/平行四边形/平行四边形的判定/两组对边分别平行
AC52FEDA;b<0,图象与y轴交于负半轴;/函数/一次函数/能画出一次函数的图象/b的几何特征/b<0,图象与y轴交于负半轴
ACB6D860;角平分线的概念;/图形的初步认识/角/掌握角平分线的概念、判定及其性质/角平分线的概念
AD01DBA1;多边形的内角和公式;/三角形/多边形及其内角和/多边形的内角和公式
AD3BD17A;平行于三角形一边的直线和其他两边相交，所构成的三角形与原三角形相似。;/三角形/相似三角形/相似三角形的判定/平行于三角形一边的直线和其他两边相交，所构成的三角形与原三角形相似。
AD4CB374;反比例函数与一次函数的综合;/函数/反比例函数/反比例函数与一次函数的综合
AD53F97C;直线的基本性质：两点确定一条直线;/图形的初步认识/线/直线/直线的基本性质：两点确定一条直线
AD55FF7D;梯形;/四边形/梯形
AD5F5194;根据图象提取相关信息;/函数/变量与函数/函数的表示方法/图象法/根据图象提取相关信息
AD674260;计算器求平方根;/数与式/实数的运算/实数的开方/平方根/计算器求平方根
AD9902FC;方差意义与求法;/统计与概率/一组数据的代表/方差意义与求法
ADDE0854;根据概念确定反比例函数解析式;/函数/反比例函数/反比例函数的解析式/根据概念确定反比例函数解析式
ADDF299F;对角线互相垂直的平行四边形;/四边形/菱形/菱形的判定/对角线互相垂直的平行四边形
ADEEFE13;写出数轴上点表示的数;/数与式/实数有关概念/数轴/写出数轴上点表示的数
AE049829;积分问题;/方程与不等式/二元一次方程组/二元一次方程组解决实际问题/积分问题
AE0CCF88;一组邻边相等的平行四边形;/四边形/菱形/菱形的判定/一组邻边相等的平行四边形
AE119853;角平分线上的点到角两边的距离相等;/图形的初步认识/角/角的平分线/角平分线上的点到角两边的距离相等
AE20A300;三角形的外角概念及性质;/三角形/三角形的外角概念及性质/三角形的外角概念及性质
AE3945A5;纯数学问题;/数与式/分式/用分式解决问题/纯数学问题
AE643757;角的大小比较;/图形的初步认识/角/角的大小比较
AEA1C890;对角线互相平分;/四边形/平行四边形/平行四边形的性质/对角线互相平分
AEA8F20D;会用描点法画二次函数的图象;/函数/二次函数/会用描点法画二次函数的图象
AEE06BAC;三角形的概念;/三角形/三角形概念与基本性质/三角形的概念
AF032677;两个对立事件的概率之和为1;/统计与概率/概率的意义与定义/两个对立事件的概率之和为1
AF07DCFE;有一边上的中线等于这边的一半的三角形是直角三角形;/三角形/直角三角形/直角三角形的判定/有一边上的中线等于这边的一半的三角形是直角三角形
AF13913C;圆;/圆
AF327FA4;用待定系数法确定二次函数的表达式;/函数/二次函数/用待定系数法确定二次函数的表达式
AF3CB3FC;单项式×多项式;/数与式/整式/整式乘法运算/单项式×多项式
AF646E26;分母间没有公因式;/数与式/分式/通分/分母间没有公因式
AF81DC98;直观图;/图形的变化/投影与视图/直观图
AFD49A63;能用一次函数解决简单实际问题;/函数/一次函数/能用一次函数解决简单实际问题
AFEF4779;能画出一次函数的图象;/函数/一次函数/能画出一次函数的图象
AFF498C8;乘方交换律;/数与式/实数的运算/实数的运算律/乘方交换律
AFFDCD31;三角形的外角概念及性质;/三角形/三角形概念与基本性质/三角形的外角概念及性质
B0171479;内错角的识别;/图形的初步认识/平行线/三线八角/内错角的识别
B05D47F5;频率的概念：每个对象出现的次数与总次数的比值，频率之和等于1;/统计与概率/频数与频率的概念/频率的概念：每个对象出现的次数与总次数的比值，频率之和等于1
B0645FF6;几何问题;/方程与不等式/一元一次方程/实际问题与一元一次方程/几何问题
B09F5D2E;奇数和偶数;/数与式/实数有关概念/数的乘除/奇数和偶数
B0A40A95;在y轴上，x=0;/函数/直角坐标系/平面直角坐标系的有关概念/坐标轴上点P(x,y)的坐标特征/在y轴上，x=0
B0C4854F;a,b异号，对称轴在y轴的右侧;/函数/二次函数/二次函数图象与系数的关系/a,b的几何意义（对称轴）/a,b异号，对称轴在y轴的右侧
B0F28D9B;分式的基本性质;/数与式/分式/分式的基本性质
B0FA4967;分式运算解决简单问题;/数与式/分式/分式运算解决简单问题
B176F8EF;k<0，在每个象限内，y随x的增大而增大;/函数/反比例函数/反比例函数的性质/增减性/k<0，在每个象限内，y随x的增大而增大
B1AE0AAD;旋转对称图形;/图形的变化/图形的旋转/旋转有关概念/旋转对称图形
B228AF00;基本事实;/图形的初步认识/命题与证明/基本事实
B2450B26;加减乘除混合;/数与式/实数的运算/实数的混合运算/加减乘除混合
B27F8879;根据概念确定一次函数解析式;/函数/一次函数/一次函数解析式/根据概念确定一次函数解析式
B2869972;平均数（简单算术平均数）意义与求法;/统计与概率/一组数据的代表/平均数（简单算术平均数）意义与求法
B2976D54;一次不等式组;/方程与不等式/一次不等式组
B2D52B55;加减乘方混合;/数与式/实数的运算/实数的混合运算/加减乘方混合
B3236B15;反比例函数图象;/函数/反比例函数/反比例函数图象
B33BC767;多边形的有关概念（边、角、对角线等）;/三角形/多边形及其内角和/多边形的有关概念（边、角、对角线等）
B34CFF0C;乘方;/数与式/实数的运算/乘方
B3526AF2;概率的意义;/统计与概率/概率的意义/概率的意义
B357962C;频率的概念;/统计与概率/频数与频率的概念/频率的概念
B35A681A;对角线相等的平行四边形;/四边形/矩形/矩形的判定/对角线相等的平行四边形
B372B5B0;二元一次方程整数解;/方程与不等式/二元一次方程/二元一次方程的解/二元一次方程整数解
B382CB08;等边三角形三个内角相等，都等于60°;/三角形/等腰三角形/等边三角形的性质/等边三角形三个内角相等，都等于60°
B3D2266B;四条边都相等的四边形;/四边形/菱形/菱形的判定/四条边都相等的四边形
B3E3E5DD;直线y=k1x+b1与y=k2x+b2;/函数/一次函数/一次函数的图象/直线y=k1x+b1与y=k2x+b2
B3EB8973;空间直线的位置关系;/图形的初步认识/空间位置关系/空间直线的位置关系
B3F7A3AD;无理方程的应用;/方程与不等式/无理方程/无理方程的应用
B423439F;正比例函数;/函数/正比例函数
B44895B4;列举与识别三类事件;/统计与概率/随机事件、必然事件和不可能事件/列举与识别三类事件
B4568500;整式的加减乘除混合运算;/数与式/整式/整式的混合运算/整式的加减乘除混合运算
B4A7080E;单项式➗单项式;/数与式/整式/整式除法运算/单项式➗单项式
B58D239F;方案问题;/函数/一次函数/一次函数解决实际问题/方案问题
B61E2B91;根据统计结果提合理建议;/统计与概率/统计结果的应用/根据统计结果提合理建议
B644A5AD;a>0,开口向上;/函数/二次函数/二次函数图象与系数的关系/a的几何意义（开口方向）/a>0,开口向上
B6B78292;直线的基本性质：两点确定一条直线;/图形的初步认识/线/直线的概念与性质/直线的基本性质：两点确定一条直线
B6D3E952;三角形的内角和定理;/三角形/三角形的内角和定理/三角形的内角和定理
B74B6AF9;k>0，图象在第一三象限;/函数/反比例函数/反比例函数图象/k>0，图象在第一三象限
B7A881FD;对称性：中心对称，轴对称（对称轴为对角线所在直线）;/四边形/菱形/菱形的性质/对称性：中心对称，轴对称（对称轴为对角线所在直线）
B7C34FAF;用待定系数法确定二次函数解析式;/函数/二次函数/二次函数的解析式/用待定系数法确定二次函数解析式
B7C613AA;随机事件的识别;/统计与概率/随机事件、必然事件和不可能事件的识别/随机事件的识别
B7DA3D08;循环小数、循环节;/数与式/实数有关概念/分数/循环小数、循环节
B811E5A8;位似的特征;/图形的变化/图形的相似/图形的位似/位似的特征
B84D8CBD;不可能事件的识别;/统计与概率/随机事件、必然事件和不可能事件的识别/不可能事件的识别
B87D1772;"已知函数值, 会求相应的自变量的值";"/函数/对应关系/自变量与函数值/已知函数值, 会求相应的自变量的值"
B8A0A6FE;等腰三角形“三线合一”;/三角形/等腰三角形/等腰三角形的性质/等腰三角形“三线合一”
B8ABB07B;旋转的性质;/图形的变化/图形的旋转/旋转的性质
B8B9C117;三线八角;/图形的初步认识/平行线/三线八角
B8C8A185;频数的概念；每个对象出现的次数，频数之和等于总次数;/统计与概率/频数与频率的概念/频数的概念；每个对象出现的次数，频数之和等于总次数
B8F99553;问题代数式作为整体进行求值;/数与式/代数式/求代数式的值/问题代数式作为整体进行求值
B91AB280;同类项的概念;/数与式/整式/整式加减运算/同类项的概念
B94E3513;算术平方根;/数与式/实数的运算/实数的开方/算术平方根
B997DE27;向量的线性运算;/图形的变化/平面向量/平面向量的线性运算/向量的线性运算
B9C0BF66;锐角三角函数的概念;/三角形/直角三角形/锐角三角函数/锐角三角函数的概念
B9C81DE5;几何问题;/方程与不等式/二元一次方程组/二元一次方程组解决实际问题/几何问题
BA2BBFE2;用二次函数解决的其它实际问题;/函数/二次函数/用二次函数解决简单的实际问题/用二次函数解决的其它实际问题
BA5E5F6A;二元二次方程的解;/方程与不等式/二元二次方程（组）/二元二次方程的解
BA6FF005;旋转前后的两个图形全等;/图形的变化/图形的旋转/旋转的性质/旋转前后的两个图形全等
BA79F202;实数的混合运算;/数与式/实数的运算/实数的混合运算
BA96B169;会比较线段的长短;/图形的初步认识/线/线段的概念与性质/会比较线段的长短
BA991F02;正比例函数的概念;/函数/正比例函数/正比例函数的概念
BA9AB92A;0次幂的运算;/数与式/实数的运算/乘方/0次幂的运算
BADFDB59;两直线平行，同位角相等;/图形的初步认识/平行线/平行线的性质/两直线平行，同位角相等
BB0C2C44;统计结果的应用;/统计与概率/统计结果的应用
BB1AFF2C;用一元二次方程的根的情况判断二次函数图象与x轴交点的情况;/函数/二次函数/二次函数与一元二次方程关系/用一元二次方程的根的情况判断二次函数图象与x轴交点的情况
BB39CAA7;二元一次方程的解;/方程与不等式/二元一次方程/二元一次方程的解
BB687192;百分比;/数与式/实数有关概念/分数/百分比
BB842D73;经济问题;/方程与不等式/一元一次不等式/一元一次不等式解决实际问题/经济问题
BBAAD110;反比例函数与几何图形的综合;/函数/反比例函数/反比例函数与几何图形的综合
BBBF56D2;乘除乘方混合;/数与式/实数的运算/实数混合运算/乘除乘方混合
BC987689;乘法分配律;/数与式/实数的运算/实数的运算律/乘法分配律
BCB8A723;直棱柱、圆锥的展开图;/图形的变化/投影与视图/平面展开图/直棱柱、圆锥的展开图
BD1F78DA;一般式化为顶点式;/函数/二次函数/一般式化为顶点式
BD2776E3;根据概念确定二次函数解析式;/函数/二次函数/二次函数的解析式/根据概念确定二次函数解析式
BD519EF5;正比例函数;/函数/一次函数/正比例函数
BD8C6ADC;二次函数的解析式;/函数/二次函数/二次函数的解析式
BD8E54F6;原命题和逆命题;/图形的初步认识/定义、命题、定理、证明/命题/原命题和逆命题
BD916EA1;按角分类;/三角形/三角形的分类/按角分类
BD94C3AB;命题的定义;/图形的初步认识/命题与证明/命题的概念/命题的定义
BD9F9A4F;随机事件的概率：0;/统计与概率/概率的意义与定义/概率的取值范围/随机事件的概率：0
BDA7D906;解二元一次方程组;/方程与不等式/二元一次方程组/解二元一次方程组
BDEBC7BE;二项方程;/方程与不等式/二项方程
BDFFF235;最简分式的概念;/数与式/分式/约分/最简分式的概念
BE3C3EED;平面直角坐标系的有关概念;/函数/直角坐标系/平面直角坐标系的有关概念
BEBCE67C;由半径、圆心角计算扇形面积;/圆/弧长、扇形和圆锥的有关计算/扇形面积的计算/由半径、圆心角计算扇形面积
BEC4E155;一元一次方程定义;/方程与不等式/一元一次方程/一元一次方程定义
BEF4919E;平方;/数与式/实数有关概念/常见非负数/平方
BF0B3BB9;k<0，图象从左向右下降;/函数/正比例函数/正比例函数图象特征/k<0，图象从左向右下降
BF45F322;同位角的定义;/图形的初步认识/平行线/三线八角/同位角的定义
BF4DBA68;单项式×单项式;/数与式/整式/整式乘法运算/单项式×单项式
BF5620D3;括号前是负数;/数与式/整式/去括号法则/括号前是负数
BF8CDEA1;用概率帮助解释与决策：公平问题等;/统计与概率/概率的计算与应用/列举法计算概率/用概率帮助解释与决策：公平问题等
BF987D4B;放大或缩小图形;/图形的变化/图形的相似/图形的位似/放大或缩小图形
BFED90EB;各相关对象频率之和等于1;/统计与概率/频数与频率的概念/频率的概念/各相关对象频率之和等于1
BFF45B8A;直角三角形两锐角互余;/三角形/直角三角形/直角三角形两锐角互余
C0127A56;解释统计表中蕴涵的信息;/统计与概率/数据的整理与描述/统计表/解释统计表中蕴涵的信息
C03EBCB9;随机事件的概率：0<p(A)<1;/统计与概率/概率的意义/随机事件的概率：0<p(A)<1
C05DE26D;分数的通分;/数与式/实数有关概念/分数/分数的通分
C07B0268;直径所对的圆周角的特征;/圆/圆的概念与性质/圆周角定理/直径所对的圆周角的特征
C09AC499;比例的相关概念;/图形的变化/图形的相似/比例和比例线段/比例的相关概念
C0A4F0C0;图象法;/函数/变量与函数/函数的三种表示法/图象法
C0CCD2D6;反比例函数;/函数/反比例函数
C0F0C772;向量减法的三角形法则;/图形的变化/平面向量/平面向量及其加减/向量减法的三角形法则
C113EF5C;一元一次不等式的解;/方程与不等式/一元一次不等式/一元一次不等式的解/一元一次不等式的解
C117C813;分式方程的应用--可化为一元二次方程;/方程与不等式/分式方程/分式方程的其他应用/分式方程的应用--可化为一元二次方程
C12E5BC4;根据统计结果解释现象;/统计与概率/统计结果的应用/根据统计结果解释现象
C13D5328;相似三角形的概念;/三角形/相似三角形/相似三角形的概念
C16A8025;对应点到旋转中心的距离相等，且对应的线段、对应角相等;/图形的变化/图形的旋转/旋转的基本性质/对应点到旋转中心的距离相等，且对应的线段、对应角相等
C18CD3C1;点到直线的距离;/图形的初步认识/垂线与垂线段/点到直线的距离
C1A26B04;勾股定理的证明;/三角形/直角三角形/勾股定理/勾股定理的证明
C1AF934A;解三元一次方程组;/方程与不等式/三元一次方程组*/解三元一次方程组
C1E841B2;两组对角分别相等;/四边形/平行四边形/平行四边形的判定/两组对角分别相等
C1F843C2;倍数;/数与式/实数有关概念/数的乘除/倍数
C1FA3404;一元一次不等式组的概念;/方程与不等式/一次不等式组/一元一次不等式组的概念
C21A6D1E;一元二次方程的解概念;/方程与不等式/一元二次方程/一元二次方程的解概念
C23B24E9;b=0,图象经过原点;/函数/一次函数/能画出一次函数的图象/b的几何特征/b=0,图象经过原点
C2EB25FF;直角三角形两锐角互余;/三角形/直角三角形/直角三角形的性质/直角三角形两锐角互余
C32437AE;相反数;/数与式/实数有关概念/相反数
C36E59AF;轴对称图形的识别;/图形的变化/图形的轴对称/轴对称的性质/轴对称图形的识别
C3A95DE1;四个角是直角;/四边形/正方形/正方形的性质/四个角是直角
C3F63FA0;反比例函数图象上点的坐标特征;/函数/反比例函数/反比例函数图象上点的坐标特征
C4173CBC;一次函数的概念：y=kx+b(k不为0）;/函数/一次函数/一次函数的概念：y=kx+b(k不为0）
C42037C6;综合应用;/方程与不等式/一元一次不等式/一元一次不等式的其它应用/综合应用
C4EEB12A;直角三角形的判定;/三角形/直角三角形/直角三角形的判定
C5157EAA;平行线;/图形的初步认识/平行线
C528CF49;三角形的内心;/三角形/三角形的”三心“/三角形的内心
C591CA2D;立方根;/数与式/实数的运算/开方/立方根
C5C79532;一组数据有偶数个数据;/统计与概率/一组数据的代表/中位数意义与求法/一组数据有偶数个数据
C5EEF5C6;整式的乘除混合运算;/数与式/整式/整式混合运算/整式的乘除混合运算
C5FBBE69;分数与除法;/数与式/实数有关概念/数的乘除/分数与除法
C69E7266;等边对等角;/三角形/等腰三角形/等腰三角形的性质/等边对等角
C6B77D22;直径所对的圆周角的特征;/圆/与圆有关的性质/圆周角定理/直径所对的圆周角的特征
C6D2AE37;等边三角形的性质;/三角形/等腰三角形/等边三角形的性质
C6D8B37E;判断直线与圆的位置关系;/圆/与圆有关的位置关系/直线与圆的位置关系/判断直线与圆的位置关系
C7015E25;阶梯价格;/函数/一次函数/能用一次函数解决简单实际问题/阶梯价格
C7330413;正多边形的对称性;/圆/正多边形与圆/正多边形的对称性
C788675C;增减性;/函数/反比例函数/反比例函数的性质/增减性
C79093DC;轴对称与坐标变换;/图形的变化/图形的轴对称/轴对称与坐标变换
C7F9C1CA;用频率估计概率;/统计与概率/常见问题的概率计算与应用/用频率估计概率
C8302E73;函数关系式为分式的自变量的取值范围;/函数/变量与函数/自变量的取值范围/函数关系式为分式的自变量的取值范围
C85F4250;设计简单的调查问卷;/统计与概率/数据的收集/设计简单的调查问卷
C883A8B2;加减消元法转为二元一次方程;/方程与不等式/三元一次方程组*/解三元一次方程组/加减消元法转为二元一次方程
C8E8B3CF;含绝对值的一元一次方程;/方程与不等式/一元一次方程/特殊形式一元一次方程/含绝对值的一元一次方程
C8F8C76D;用样本频率（百分比）估计总体频率（百分比）;/统计与概率/统计结果的应用/从样本估计总体/用样本频率（百分比）估计总体频率（百分比）
C8FCEC64;概念;/图形的初步认识/平行线/两条平行线间的距离/概念
C9104ED2;a的几何意义（开口方向）;/函数/二次函数/二次函数的图象与系数的关系/a的几何意义（开口方向）
C9232730;用有理数估计一个无理数的大致范围;/数与式/实数有关概念/实数的大小比较/用有理数估计一个无理数的大致范围
C926DD86;圆锥的表面积计算;/圆/弧长、扇形和圆锥的有关计算/圆锥的计算/圆锥的表面积计算
C9B78E65;圆的面积;/圆/与圆有关的性质/圆的认识/圆的面积
CA292D0A;斜边上中线定理;/三角形/直角三角形/斜边上中线定理
CA2BAA1E;最简分数;/数与式/实数有关概念/数的乘除/最简分数
CA3B5299;行程问题;/方程与不等式/分式方程/分式方程解决实际问题/行程问题
CA3F261A;空间线面的位置关系;/图形的初步认识/空间位置关系/空间线面的位置关系
CA57C36B;两条直线相交，只有一个交点;/图形的初步认识/线/直线/两条直线相交，只有一个交点
CA5B99F1;绝对值的几何意义;/数与式/实数有关概念/绝对值/绝对值的几何意义
CA93FDAC;实数与数轴上的点一一对应;/数与式/实数有关概念/数轴/实数与数轴上的点一一对应
CA9A40A7;符号变形后用平方差公式计算;/数与式/整式/乘法公式/符号变形后用平方差公式计算
CAA0E22D;括号前是负数;/数与式/整式/去括号/括号前是负数
CAC0B83C;圆周角与圆心角的关系;/圆/圆的概念与性质/圆周角定理/圆周角与圆心角的关系
CB18711F;折叠中的计算证明问题;/图形的变化/图形的轴对称/折叠问题/折叠中的计算证明问题
CB1DBC61;线段的垂直平分线;/图形的初步认识/垂线与垂线段/线段的垂直平分线
CB5871C3;三角形;/三角形
CB6A652F;已知根的情况求系数取值范围;/方程与不等式/一元二次方程/一元二次方程根的判别式/已知根的情况求系数取值范围
CB6F8449;简单随机抽样;/统计与概率/数据的收集/抽样调查/简单随机抽样
CBC28C2F;二次函数解决实际问题;/函数/二次函数/二次函数解决实际问题
CBE0565B;一组数据有奇数个数据;/统计与概率/一组数据的代表/中位数意义与求法/一组数据有奇数个数据
CC1BC3E3;几何问题;/方程与不等式/一元一次方程/一元一次方程解决实际问题/几何问题
CC319F64;圆锥底面半径、高、母线等的计算;/圆/弧长和扇形面积/圆锥的计算/圆锥底面半径、高、母线等的计算
CC3A4192;列举法计算概率;/统计与概率/概率的计算与应用/列举法计算概率
CC461483;有一组邻边相等的平行四边形;/四边形/菱形/菱形的定义/有一组邻边相等的平行四边形
CC6ECAE9;正比例函数图象特征;/函数/正比例函数/正比例函数图象特征
CC838A50;行程问题;/方程与不等式/一元一次不等式/一元一次不等式解决实际问题/行程问题
CC8559E6;平移与坐标变换;/图形的变化/图形的平移/平移与坐标变换
CCEAC5FC;变形后加减可消元的二元一次方程组;/方程与不等式/二元一次方程组/解二元一次方程组/加减消元法/变形后加减可消元的二元一次方程组
CCF26830;用样本频率估计总体频率;/统计与概率/利用统计结果作出判断或决策/用样本频率估计总体频率
CD03D50B;比例和比例线段;/图形的变化/图形的相似/比例和比例线段
CD109F97;包围着体的是面，面面相交构成线，线线相交构成点;/图形的初步认识/点，直线，平面，几何体/点线，线，面，体之间的联系/包围着体的是面，面面相交构成线，线线相交构成点
CD247691;增长下降问题;/方程与不等式/一元一次方程/实际问题与一元一次方程/增长下降问题
CD39C0D7;由点的位置写出它的坐标;/函数/直角坐标系/点与坐标/由点的位置写出它的坐标
CD816743;勾股定理的应用;/三角形/直角三角形/勾股定理/勾股定理的应用
CD8B2CA1;对称性;/函数/一次函数/正比例函数/对称性
CD95C8D9;计算器求立方根;/数与式/实数的运算/实数的开方/立方根/计算器求立方根
CDA537B0;一次函数与方程，不等式，方程组之间的关系;/函数/一次函数/一次函数与方程，不等式，方程组之间的关系
CDC4FB43;整式的除法运算;/数与式/整式/整式的除法运算
CE092B2F;k>0，y随x的增大而增大;/函数/一次函数/一次函数的性质：增减性/k>0，y随x的增大而增大
CE3AEB13;利用运算律简化运算;/数与式/实数的运算/实数的混合运算/利用运算律简化运算
CE4145E9;对称性;/函数/正比例函数/正比例函数性质/对称性
CE92FBCD;一次函数与一元一次不等式的关系;/函数/一次函数/一次函数与方程，不等式，方程组之间的关系/一次函数与一元一次不等式的关系
CEA920B8;旋转中心、旋转方向与旋转角;/图形的变化/图形的旋转/旋转有关概念/旋转中心、旋转方向与旋转角
CED3B16D;两条平行线间的距离;/图形的初步认识/平行线/两条平行线间的距离
CF28D9D6;有向线段;/图形的变化/平面向量/平面向量及其加减/有向线段
CF976075;用分式解决问题;/数与式/分式/用分式解决问题
CFA6A3DD;图象上点的坐标特征;/函数/一次函数/图象上点的坐标特征
CFAD8E13;三角形的三边关系;/三角形/三角形的三边关系
CFCF4BDC;圆周角与圆心角的关系;/圆/与圆有关的性质/圆周角定理/圆周角与圆心角的关系
CFDDF882;解一元一次不等式组;/方程与不等式/一次不等式组/解一元一次不等式组
D00A57D3;三个角是直角的四边形;/四边形/矩形/矩形的判定/三个角是直角的四边形
D012AF4B;对称轴;/函数/二次函数/会用配方法或公式法将一般式化为顶点式/对称轴
D02A04EF;k<0，图象从左向右下降;/函数/一次函数/一次函数的图象/k的几何特征/k<0，图象从左向右下降
D02F6045;对应边相等;/三角形/全等三角形/全等三角形的性质/对应边相等
D04D467E;最大利润;/函数/一次函数/能用一次函数解决简单实际问题/最大利润
D082FCF5;各相关对象频数之和等于总次数；各相关对象频率（百分比）之和等于1;/统计与概率/频数与频率（百分比）/频数与频率相关性质/各相关对象频数之和等于总次数；各相关对象频率（百分比）之和等于1
D09E11F7;表达式;/函数/一次函数/正比例函数/表达式
D0A876DC;二元一次方程组;/方程与不等式/二元一次方程组
D0B363B5;圆的周长;/圆/圆的概念与性质/圆的认识/圆的周长
D0B8E17A;分式加、减运算;/数与式/分式/分式加、减运算
D0D953BC;等腰三角形的性质;/三角形/等腰三角形/等腰三角形的性质
D0DC0665;不等式性质2;/方程与不等式/不等式/不等式的性质/不等式性质2
D0E38F66;频数与频率（百分比）;/统计与概率/频数与频率（百分比）
D12A78E6;一元二次方程解决实际问题;/方程与不等式/一元二次方程/一元二次方程解决实际问题
D1359E92;同旁内角的定义;/图形的初步认识/平行线/三线八角/同旁内角的定义
D152ABB0;利用运算律简化运算;/数与式/实数的运算/实数混合运算/利用运算律简化运算
D15CBF71;沿x轴方向左右平移;/函数/一次函数/能画出一次函数的图象/一次函数的平移/沿x轴方向左右平移
D16677F2;圆的中心对称性;/圆/圆的概念与性质/圆的认识/圆的中心对称性
D1A97A7A;a,b的几何意义（对称轴）;/函数/二次函数/二次函数的图象与系数的关系/a,b的几何意义（对称轴）
D1DA6F1A;一元二次方程的解;/方程与不等式/一元二次方程/一元二次方程的解
D1DBF7B5;直接开平方法;/方程与不等式/一元二次方程/解一元二次方程/直接开平方法
D1E32823;写出原命题的逆命题;/图形的初步认识/命题与证明/原命题和逆命题/写出原命题的逆命题
D1F44780;命题的概念;/图形的初步认识/命题与证明/命题的概念
D25926DA;对顶角的概念;/图形的初步认识/角/对顶角的概念与性质/对顶角的概念
D27957F4;一元一次不等式的整数解;/方程与不等式/一元一次不等式/一元一次不等式的解/一元一次不等式的整数解
D2DEFEAA;每条对角线平分一组对角;/四边形/正方形/正方形的性质/每条对角线平分一组对角
D35177C5;等边三角形是轴对称图形;/三角形/等腰三角形/等边三角形的性质/等边三角形是轴对称图形
D352F625;直角坐标系的概念;/函数/直角坐标系/平面直角坐标系的有关概念/直角坐标系的概念
D35937F7;统计表;/统计与概率/数据的整理与描述/统计表
D37194B4;用样本平均数估计总体平均数;/统计与概率/利用统计结果作出判断或决策/用样本平均数估计总体平均数
D3C03D68;已知一直角边及斜边，求作一个直角三角形;/三角形/全等三角形/尺规作图（求作三角形）/已知一直角边及斜边，求作一个直角三角形
D405AE0F;两组对边分别平行;/四边形/菱形/菱形的性质/两组对边分别平行
D46163CC;三角形面积;/三角形/三角形概念与基本性质/三角形面积
D48452CD;判断点与圆的位置关系;/圆/与圆有关的位置关系/点与圆的位置关系/判断点与圆的位置关系
D48CEACA;解析法;/函数/变量与函数/函数的三种表示法/解析法
D4A6B56A;每次试验都包含三个及三个以上的子结果的问题;/统计与概率/概率的计算与应用/用列举法（列表、画树状图等）列出所有等可能的结果/求随机事件的概率/每次试验都包含三个及三个以上的子结果的问题
D5121F1B;内错角相等，两直线平行;/图形的初步认识/平行线/平行线的判定/内错角相等，两直线平行
D5873FCC;平行线的概念及其表示法;/图形的初步认识/平行线/平行线的概念及其表示法
D5953932;沿x轴方向左右平移;/函数/二次函数/二次函数的性质/平移问题/沿x轴方向左右平移
D5A6EDDB;解释统计表（含频数分布表）中蕴涵的信息;/统计与概率/数据的整理与描述/统计表/解释统计表（含频数分布表）中蕴涵的信息
D5EA3AC1;根据统计结果提合理建议;/统计与概率/利用统计结果作出判断或决策/根据统计结果提合理建议
D605C6F4;已知锐角三角函数值及一边求其他边;/三角形/直角三角形/锐角三角函数/已知锐角三角函数值及一边求其他边
D635EB24;需去括号的混合运算;/数与式/整式/整式的混合运算/需去括号的混合运算
D677CF4B;锐角：大于0°，小于90°;/图形的初步认识/角/角的分类/锐角：大于0°，小于90°
D6A4FEDF;用正比例函数解决实际问题;/函数/一次函数/正比例函数/用正比例函数解决实际问题
D6EC172E;转为整式方程有解，但解经检验是增根;/方程与不等式/分式方程/分式方程无解/转为整式方程有解，但解经检验是增根
D6EDF1A7;菱形的判定;/四边形/菱形/菱形的判定
D724EB0C;整体代入法求代数式的值;/数与式/代数式/求代数式的值/整体代入法求代数式的值
D7434212;二次根式有意义的条件;/数与式/实数的运算/二次根式/二次根式有意义的条件
D7B6210D;命题的意义;/图形的初步认识/命题与证明/命题的概念/命题的意义
D7B836A2;一次函数与方程，不等式之间的关系;/函数/一次函数/一次函数与方程，不等式之间的关系
D7E641BD;两个对立事件概率的关系;/统计与概率/概率的意义与定义/两个对立事件概率的关系
D855870A;互为余角的概念与性质;/图形的初步认识/角/互为余角的概念与性质
D856F9C5;能画出反比例函数的图象;/函数/反比例函数/能画出反比例函数的图象
D872211D;尺规作圆;/圆/圆的概念与性质/圆的认识/尺规作圆
D8725587;分式有意义的条件;/数与式/分式/分式的概念/分式有意义的条件
D884201D;等式性质1等式两边都加或减同一个数，结果仍相等;/方程与不等式/等式的性质/等式性质1等式两边都加或减同一个数，结果仍相等
D8D5FAA7;锐角三角函数的实际应用;/三角形/直角三角形/锐角三角函数的实际应用
D8E15F60;坐标系里的距离问题;/函数/直角坐标系/平面直角坐标系的有关概念/坐标系里的距离问题
D90C37B8;象限角平分线上的点P(x,y)的坐标特征;/函数/直角坐标系/平面直角坐标系的有关概念/象限角平分线上的点P(x,y)的坐标特征
D95D2E80;用适当的函数刻画实际问题中变量之间的关系;/函数/变量与函数/常量与变量/用适当的函数刻画实际问题中变量之间的关系
D960B9DE;其他变式问题;/方程与不等式/一元一次不等式/一元一次不等式的其它应用/其他变式问题
D963F0BA;比的基本性质;/数与式/实数有关概念/分数/比的基本性质
D98C25C9;对顶角相等;/图形的初步认识/角/对顶角的概念与性质/对顶角相等
D9BB5A5D;解二元一次方程组;/方程与不等式/二元一次方程组/解二元一次方程组/解二元一次方程组
D9BDAFD9;对边平行;/四边形/平行四边形/平行四边形的性质/对边平行
D9F49277;勾股定理的逆定理;/三角形/直角三角形/直角三角形的判定/勾股定理的逆定理
DA272303;两直线平行，同旁内角互补;/图形的初步认识/平行线/平行线的性质/两直线平行，同旁内角互补
DA437949;整式混合运算;/数与式/整式/整式混合运算
DACD7953;b=0,图象经过原点;/函数/一次函数/一次函数的图象/b的几何特征/b=0,图象经过原点
DB1C5802;按边分类;/三角形/三角形概念与基本性质/三角形的分类/按边分类
DB4DAAAE;括号前是常数为正;/数与式/整式/去括号法则/括号前是常数为正
DBAE8C6F;b<0,图象与y轴交于负半轴;/函数/一次函数/一次函数的图象/b的几何特征/b<0,图象与y轴交于负半轴
DBD7462F;积分问题;/方程与不等式/一元一次方程/一元一次方程解决实际问题/积分问题
DBD99FC8;唯一性：经过直线外一点，有且只有一条直线与这条直线平行;/图形的初步认识/平行线/平行线的性质/唯一性：经过直线外一点，有且只有一条直线与这条直线平行
DBE3A029;作三角形的外接圆;/圆/与圆有关的位置关系/点与圆位置关系/三角形的外接圆与外心/作三角形的外接圆
DC67F2EE;一元一次不等式组的解;/方程与不等式/一次不等式组/一元一次不等式组的解
DC7F7C69;k的几何特征;/函数/反比例函数/能画出反比例函数的图象/k的几何特征
DC889899;比较实数的大小;/数与式/实数有关概念/实数的大小比较/比较实数的大小
DC9B0E8F;将抛物线平移，a不变;/函数/二次函数/二次函数的性质/平移问题/将抛物线平移，a不变
DCC904A8;对角相等;/四边形/菱形/菱形的性质/对角相等
DCFE863B;梯形的定义;/四边形/梯形/梯形的定义
DD272083;分数与小数的互化;/数与式/实数有关概念/分数/分数与小数的互化
DD3BA951;分式混合运算;/数与式/分式/分式混合运算
DD77154E;一元一次不等式;/方程与不等式/一元一次不等式
DD7D4192;求一个实数的立方根;/数与式/实数的运算/开方/立方根/求一个实数的立方根
DD9E34D6;和的完全平方与差的完全平方变形;/数与式/整式/乘法公式/和的完全平方与差的完全平方变形
DDF3C0B7;二次函数与一元二次方程之间的关系;/函数/二次函数/二次函数与一元二次方程之间的关系
DE47B4F7;三角形的基本概念;/三角形/三角形的基本概念/三角形的基本概念
DE49FCAE;用方位角和距离刻画位置;/函数/直角坐标系/直角坐标系与位置/用方位角和距离刻画位置
DE68837E;单项式相关概念;/数与式/整式/整式的概念/单项式相关概念
DED180A7;解一元一次不等式;/方程与不等式/一元一次不等式/解一元一次不等式
DF3F9BFE;二次根式乘法;/数与式/实数的运算/二次根式/二次根式乘法
DF447C07;负指数的运算;/数与式/实数的运算/实数的乘方/负指数的运算
DF605C94;常见的几个非负数;/数与式/实数有关概念/常见的几个非负数
DF7A883E;实数的运算;/数与式/实数的运算
DFCCD50F;扇形面积的计算;/圆/弧长、扇形和圆锥的有关计算/扇形面积的计算
DFEB5F81;对称轴是对应点连线的垂直平分线;/图形的变化/图形的轴对称/轴对称的性质/对称轴是对应点连线的垂直平分线
DFF51835;旋转角度都相等，旋转方向都相同;/图形的变化/图形的旋转/旋转的性质/旋转角度都相等，旋转方向都相同
E0101470;直角三角形;/三角形/直角三角形
E0261542;相似三角形面积的比等于相似比的平方。;/三角形/相似三角形/相似三角形的性质/相似三角形面积的比等于相似比的平方。
E085AA12;解释条形图中蕴涵的信息;/统计与概率/数据的整理与描述/条形图/解释条形图中蕴涵的信息
E0B00CDA;矩形的判定;/四边形/矩形/矩形的判定
E0D04604;中心对称;/函数/反比例函数/反比例函数的性质/对称性/中心对称
E0D91B08;命题的组成;/图形的初步认识/定义、命题、定理、证明/命题/命题的组成
E123651D;折线图的制作;/统计与概率/数据的整理与描述/折线图/折线图的制作
E167B807;认识度分秒，会进行简单换算;/图形的初步认识/角/认识度分秒，会进行简单换算
E1727FCB;圆的认识;/圆/与圆有关的性质/圆的认识
E1F57BB5;b的几何特征;/函数/一次函数/能画出一次函数的图象/b的几何特征
E22E7828;对称轴;/函数/二次函数/一般式化为顶点式/对称轴
E258E31A;四条边相等;/四边形/菱形/菱形的性质/四条边相等
E28C7246;有一个角是直角的菱形;/四边形/正方形/正方形的判定/有一个角是直角的菱形
E2961D0F;概率的意义与定义;/统计与概率/概率的意义与定义
E29F3E75;用概率帮助解释与决策：公平问题等;/统计与概率/概率的计算与应用/用列举法（列表、画树状图等）列出所有等可能的结果/用概率帮助解释与决策：公平问题等
E2D03513;平移问题;/函数/二次函数/二次函数的性质/平移问题
E333D6D5;用科学记数法表示较小的数;/数与式/实数的运算/实数的乘方/用科学记数法表示较小的数
E3B507D1;一次函数的识别;/函数/一次函数/一次函数的概念/一次函数的识别
E3CCDF9C;轴对称的性质;/图形的变化/图形的轴对称/轴对称的性质
E3EEA02A;求代数式的值;/数与式/代数式/求代数式的值
E3F3F4FE;能被5整除的数;/数与式/实数有关概念/数的乘除/能被5整除的数
E42EF004;图形的变化;/图形的变化
E43A751F;邻补角的概念;/图形的初步认识/角/邻补角的概念
E453C5BF;实数有关概念;/数与式/实数有关概念
E46B04D5;条形图的制作;/统计与概率/数据的整理与描述/条形图/条形图的制作
E475C046;二元一次方程组定义;/方程与不等式/二元一次方程组/二元一次方程组定义
E47E0E56;增长下降问题;/方程与不等式/一元一次方程/一元一次方程解决实际问题/增长下降问题
E4814A6A;最短性：垂线段最短;/图形的初步认识/垂线与垂线段/垂线的性质/最短性：垂线段最短
E48173F5;一元一次方程解决实际问题;/方程与不等式/一元一次方程/一元一次方程解决实际问题
E5362AFF;a>0,开口向上;/函数/二次函数/二次函数的图象与系数的关系/a的几何意义（开口方向）/a>0,开口向上
E571ED67;b的几何特征;/函数/一次函数/一次函数的图象/b的几何特征
E57F484E;最简二次根式的概念;/数与式/实数的运算/二次根式/最简二次根式的概念
E582BC6D;分式方程的解法--可化为一元二次方程;/方程与不等式/分式方程/解分式方程/分式方程的解法--可化为一元二次方程
E5887ADE;一元一次不等式与实际问题;/方程与不等式/一元一次不等式/一元一次不等式与实际问题
E5D0BADA;已知两边及其夹角，求作一个三角形;/三角形/全等三角形/尺规作图（求作一个三角形）/已知两边及其夹角，求作一个三角形
E5FF2798;随机事件、必然事件和不可能事件;/统计与概率/随机事件、必然事件和不可能事件
E6615D98;定义新运算;/数与式/代数式/列代数式/定义新运算
E687F1C7;点到坐标轴的距离;/函数/直角坐标系/平面直角坐标系的有关概念/点到坐标轴的距离
E6A068CC;尺规作圆;/圆/与圆有关的性质/圆的认识/尺规作圆
E6A70160;到线段两个端点距离相等的点在这条线段的垂直平分线上;/图形的初步认识/垂线与垂线段/线段的垂直平分线概念、判定及其性质/到线段两个端点距离相等的点在这条线段的垂直平分线上
E6B5BE78;全面调查;/统计与概率/数据的收集/全面调查
E6BF8F0D;立方根的概念;/数与式/实数的运算/实数的开方/立方根/立方根的概念
E6D988CA;综合应用;/方程与不等式/分式方程/分式方程的其他应用/综合应用
E6E3BE77;开口方向;/函数/二次函数/会将一般式化为顶点式（配方法，公式法）/开口方向
E6E48FFF;圆的中心对称性;/圆/与圆有关的性质/圆的认识/圆的中心对称性
E6FFBBF5;向量的加法运算律;/图形的变化/平面向量/平面向量及其加减/向量的加法运算律
E712867E;圆的认识;/圆/圆的概念与性质/圆的认识
E72F15F2;换元法解分式方程;/方程与不等式/分式方程/解分式方程/换元法解分式方程
E76EBA1B;线段的基本性质：两点之间，线段最短;/图形的初步认识/线/线段的概念与性质/线段的基本性质：两点之间，线段最短
E7909EFF;用科学记数法表示较大的数;/数与式/实数的运算/实数的乘方/用科学记数法表示较大的数
E7A06DE2;k的几何特征;/函数/反比例函数/反比例函数图象/k的几何特征
E7CDA35E;有一个角是直角的平行四边形;/四边形/矩形/矩形的定义/有一个角是直角的平行四边形
E7CE21BE;二次函数与几何图形的综合;/函数/二次函数/二次函数与几何图形的综合
E7E55150;整式的运算解决实际问题;/数与式/整式/整式的运算解决实际问题
E7F3BBF0;函数的概念;/函数/变量与函数/函数的概念
E80D6BA6;分解素因数;/数与式/实数有关概念/数的乘除/分解素因数
E831345B;算术平方根;/数与式/实数的运算/开方/算术平方根
E833DC4F;直接应用;/方程与不等式/一元二次方程/一元二次方程根与系数的关系/直接应用
E87228E8;一元一次方程;/方程与不等式/一元一次方程
E8CA3078;k不等于0;/函数/反比例函数/反比例函数的概念:y=k/x/k不等于0
E9296E16;一次函数解析式;/函数/一次函数/一次函数解析式
E96D4947;两组对边分别平行;/四边形/矩形/矩形的性质/两组对边分别平行
E9F52CEE;解释扇形图中蕴涵的信息;/统计与概率/数据的整理与描述/扇形图/解释扇形图中蕴涵的信息
EA11D18C;用方位角和距离刻画位置;/函数/直角坐标系//用方位角和距离刻画位置
EA248C5A;同底数幂的除法;/数与式/整式/幂运算/同底数幂的除法
EA66149E;有序数对;/函数/直角坐标系/平面直角坐标系的有关概念/有序数对
EAA10660;单项式➗单项式;/数与式/整式/整式的除法运算/单项式➗单项式
EAEBF297;行程问题;/函数/一次函数/一次函数解决实际问题/行程问题
EB12CA01;平行线分线段成比例;/图形的变化/图形的相似/比例和比例线段/平行线分线段成比例
EB307D2C;数轴;/数与式/实数有关概念/数轴
EB725D8D;圆心角、弧、弦的关系;/圆/圆的概念与性质/圆心角、弧、弦的关系
EB9FF409;分式方程解决实际问题;/方程与不等式/分式方程/分式方程解决实际问题
EBC816DE;能识别两个互为逆命题;/图形的初步认识/定义、命题、定理、证明/命题/原命题和逆命题/能识别两个互为逆命题
EC2E80F5;直线与圆的位置关系;/圆/与圆有关的位置关系/直线与圆的位置关系
EC537C27;分式方程的定义;/方程与不等式/分式方程/分式方程的定义
EC8A0E74;二次函数与纯代数的综合;/函数/二次函数/二次函数与纯代数的综合
ECA754AC;一元一次不等式解决实际问题;/方程与不等式/一元一次不等式/一元一次不等式解决实际问题
ED034565;代入消元法转为二元一次方程;/方程与不等式/三元一次方程组*/解三元一次方程组/代入消元法转为二元一次方程
ED23C88B;多边形的内角和;/三角形/多边形及其内角和/多边形的内角和
EDA8B151;一元一次不等式组的整数解;/方程与不等式/一次不等式组/一元一次不等式组的整数解
EDC44E91;邻角互补;/四边形/平行四边形/平行四边形的性质/邻角互补
EE013745;两直线平行，内错角相等;/图形的初步认识/平行线/平行线的性质/两直线平行，内错角相等
EE612A64;圆的周长;/圆/与圆有关的性质/圆的认识/圆的周长
EEC789DC;*极差;/统计与概率/一组数据的代表/*极差
EEF79392;第三象限（—，—）;/函数/直角坐标系/平面直角坐标系的有关概念/各个象限内点的坐标的符号特征/第三象限（—，—）
EF2FB9A2;一组邻边相等且有一个角是直角的平行四边形;/四边形/正方形/正方形的定义/一组邻边相等且有一个角是直角的平行四边形
EF371A70;一组对边平行且相等;/四边形/平行四边形/平行四边形的判定/一组对边平行且相等
EF52835E;理解线段的和、差;/图形的初步认识/线/线段/理解线段的和、差
EF5E5E76;整式的混合运算;/数与式/整式/整式的混合运算
F005FFFE;k>0，y随x的增大而增大;/函数/一次函数/一次函数的性质/k>0，y随x的增大而增大
F073A26D;四边形的不稳定性;/四边形/四边形的不稳定性
F08FDBF6;三角形的内切圆与内心;/圆/与圆有关的位置关系/直线与圆位置关系/三角形的内切圆与内心
F09187C6;解含参数的一元一次不等式;/方程与不等式/一元一次不等式/一元一次不等式的其它应用/解含参数的一元一次不等式
F0B4CB37;点到直线的距离的定义;/图形的初步认识/垂线与垂线段/点到直线的距离/点到直线的距离的定义
F0C1E5B9;利润问题;/函数/一次函数/一次函数解决实际问题/利润问题
F114088F;根据平面展开图提供的条件进行对应几何体的相关计算;/图形的变化/投影与视图/平面展开图/根据平面展开图提供的条件进行对应几何体的相关计算
F11862EA;三角形的内角和定理;/三角形/三角形的内角和定理
F123D71B;随机事件、必然事件和不可能事件的识别;/统计与概率/随机事件、必然事件和不可能事件的识别
F12843DA;二次函数与一次函数的综合;/函数/二次函数/二次函数与一次函数的综合
F144311F;因式分解法;/方程与不等式/一元二次方程/解一元二次方程/因式分解法
F171F42D;求实数的绝对值;/数与式/实数有关概念/绝对值/求实数的绝对值
F1F554DC;相似三角形对应线段的比等于相似比。;/三角形/相似三角形/相似三角形的性质/相似三角形对应线段的比等于相似比。
F21FBBB8;实数的乘法运算;/数与式/实数的运算/实数的乘法运算
F24659DD;线性增长趋势的预测;/统计与概率/统计结果的应用/线性增长趋势的预测
F267CE90;三角形的高;/三角形/三角形中的重要线段/三角形的高
F304D86A;线段;/图形的初步认识/线/线段
F32265CD;直角坐标系;/函数/直角坐标系
F3A61C14;增长率问题;/方程与不等式/一元二次方程/一元二次方程解决实际问题/增长率问题
F3A95D5A;行程问题;/方程与不等式/二元一次方程组/实际问题与二元一次方程组/行程问题
F3EBB61C;实际问题;/数与式/实数的运算/实数的运算解决简单应用问题/实际问题
F40A6A4E;一次函数的平移;/函数/一次函数/能画出一次函数的图象/一次函数的平移
F45E07FA;反比例函数解决实际问题;/函数/反比例函数/反比例函数解决实际问题
F4772BB8;实数的概念;/数与式/实数有关概念/实数的概念与分类/实数的概念
F487A390;会用配方法或公式法将一般式化为顶点式;/函数/二次函数/会用配方法或公式法将一般式化为顶点式
F4A17056;线段的中点;/图形的初步认识/线/线段的概念与性质/线段的中点
F4B63F8C;不等式性质1不等式两边加或减同一个数，不等式方向不变;/方程与不等式/不等式/不等式的性质/不等式性质1不等式两边加或减同一个数，不等式方向不变
F4D13B1B;不可能事件的概率：p(A)=0;/统计与概率/概率的意义/不可能事件的概率：p(A)=0
F4D72CC9;去括号法则;/数与式/整式/去括号法则
F4D926E0;锐角三角函数;/三角形/直角三角形/锐角三角函数
F4DDE32B;多边形的有关概念;/三角形/多边形及其内角和/多边形的有关概念
F4EBE602;四个角是直角;/四边形/矩形/矩形的性质/四个角是直角
F523E4BA;三角形的周长;/三角形/三角形的周长
F565A5B2;一次函数的性质;/函数/一次函数/一次函数的性质
F56B3868;线段的比、成比例线段;/图形的变化/图形的相似/比例和比例线段/线段的比、成比例线段
F5AE05B1;解二元二次方程组;/方程与不等式/二元二次方程（组）/解二元二次方程组
F5EE210C;对角线互相垂直;/四边形/正方形/正方形的性质/对角线互相垂直
F642B0C8;实际问题与一元一次方程;/方程与不等式/一元一次方程/实际问题与一元一次方程
F6A3D079;由点与圆的位置关系解决一些数量关系;/圆/与圆有关的位置关系/点与圆的位置关系/由点与圆的位置关系解决一些数量关系
F6D5737B;对角线相等且互相垂直平分的四边形;/四边形/正方形/正方形的判定/对角线相等且互相垂直平分的四边形
F71858E1;到角两边距离相等的点在这个角的平分线上;/图形的初步认识/角/角的平分线/到角两边距离相等的点在这个角的平分线上
F7248033;判断直线与圆的位置关系;/圆/与圆有关的位置关系/直线与圆位置关系/判断直线与圆的位置关系
F765C7B4;圆的面积;/圆/圆的概念与性质/圆的认识/圆的面积
F76E4DA2;用整式解决问题;/数与式/整式/用整式解决问题
F7793EE9;一次函数与圆的综合;/函数/一次函数/一次函数与几何图形的综合/一次函数与圆的综合
F77A4928;结论：由已知事项推断出的事项;/图形的初步认识/命题与证明/命题的组成/结论：由已知事项推断出的事项
F799563F;积的乘方;/数与式/整式/幂运算/积的乘方
F7B1BC8F;相似多边形的特征;/图形的变化/图形的相似/相似多边形/相似多边形的特征
F802B097;三角形中的重要线段;/三角形/三角形中的重要线段
F88FAC52;有两角互余的三角形是直角三角形;/三角形/直角三角形/直角三角形的判定/有两角互余的三角形是直角三角形
F8BC714A;同分母相加、减;/数与式/分式/分式加、减运算/同分母相加、减
F8D9DC7C;整式除法运算;/数与式/整式/整式除法运算
F905D1CD;每条对角线平分一组对角;/四边形/菱形/菱形的性质/每条对角线平分一组对角
F90785DD;不等式性质;/方程与不等式/不等式/不等式性质
F933C491;对角线互相平分且相等的四边形;/四边形/矩形/矩形的判定/对角线互相平分且相等的四边形
F9504992;解数字系数的一元一次方程;/方程与不等式/一元一次方程/解数字系数的一元一次方程/解数字系数的一元一次方程
F96A7CAD;顶点坐标;/函数/二次函数/会用配方法或公式法将一般式化为顶点式/顶点坐标
F9A3800A;最值问题;/函数/二次函数/二次函数的性质/最值问题
F9B2F864;切线长定理;/圆/与圆有关的位置关系/直线与圆的位置关系/切线长定理
F9C3F61B;求随机事件的概率;/统计与概率/概率的计算与应用/列举法计算概率/求随机事件的概率
F9CF8BC3;实数的分类;/数与式/实数有关概念/实数的概念与分类/实数的分类
FA25AC16;过一点作已知直线的垂线;/图形的初步认识/尺规作图/过一点作已知直线的垂线
FA57643B;扇形面积;/圆/弧长和扇形面积/扇形面积
FA581C1E;多边形及其内角和;/三角形/多边形及其内角和
FA5A11B0;拱桥问题;/函数/二次函数/用二次函数解决简单的实际问题/拱桥问题
FA95EF9D;线段的垂直平分线上的点到线段两个端点的距离相等;/图形的初步认识/垂线与垂线段/线段的垂直平分线/线段的垂直平分线上的点到线段两个端点的距离相等
FAEDF671;各相关对象频数之和等于总次数;/统计与概率/频数与频率的概念/频数的概念/各相关对象频数之和等于总次数
FB186B49;利润问题;/方程与不等式/一元二次方程/一元二次方程的实际应用/利润问题
FB1AD767;根据三视图提供的条件进行对应几何体的相关计算;/图形的变化/投影与视图/三视图/根据三视图提供的条件进行对应几何体的相关计算
FB797E5A;梯形的中位线性质;/四边形/梯形/梯形的中位线性质
FB96EED8;百分比的应用;/数与式/实数有关概念/分数/百分比的应用
FBB88F9E;a的几何意义（开口方向）;/函数/二次函数/二次函数的一般式/a的几何意义（开口方向）
FBBF839E;直角坐标系与位置;/函数/直角坐标系/直角坐标系与位置
FBF4A415;简单的实际问题中的自变量的取值范围;/函数/变量与函数/自变量的取值范围/简单的实际问题中的自变量的取值范围
FBFC16D2;切线的性质;/圆/与圆有关的位置关系/直线与圆位置关系/切线的性质
FC922DC3;其他变式问题;/方程与不等式/分式方程/分式方程的其他应用/其他变式问题
FCA8323F;平行线间的距离处处相等;/图形的初步认识/平行线/两条平行线间的距离/平行线间的距离处处相等
FCF53C0B;根据图象提取相关信息;/函数/变量与函数/函数的三种表示法/图象法/根据图象提取相关信息
FD3008F5;空间面面的位置关系;/图形的初步认识/空间位置关系/空间面面的位置关系
FD4401F0;用统计表（含频数分布表）记录数据;/统计与概率/数据的整理与描述/统计表/用统计表（含频数分布表）记录数据
FD4C552F;方案选择;/方程与不等式/一元一次方程/一元一次方程解决实际问题/方案选择
FD9CA496;常量;/函数/变量与函数/常量与变量/常量
FDA473D3;c>0,与y轴交于正半轴;/函数/二次函数/二次函数的图象与系数的关系/c的几何意义(与y轴的交点)/c>0,与y轴交于正半轴
FE03E44C;频数分布直方图的制作;/统计与概率/数据的整理与描述/频数分布直方图/频数分布直方图的制作
FE27C885;用一次函数解决的其它实际问题;/函数/一次函数/能用一次函数解决简单实际问题/用一次函数解决的其它实际问题
FE5E7897;系数化为1;/方程与不等式/一元一次方程/解数字系数的一元一次方程/系数化为1
FE82F79A;各相关对象频数之和等于总次数；各相关对象频率（百分比）之和等于1;/统计与概率/频数与频率（百分比）的概念与性质/频数与频率的性质/各相关对象频数之和等于总次数；各相关对象频率（百分比）之和等于1
FE9EF0B3;不可能事件的列举与识别;/统计与概率/随机事件、必然事件和不可能事件/列举与识别三类事件/不可能事件的列举与识别
FEEC00D4;旋转有关概念;/图形的变化/图形的旋转/旋转有关概念
FF3B004A;列表法;/函数/变量与函数/函数的表示方法/列表法
FF73644F;其他变式问题;/方程与不等式/一元一次方程/实际问题与一元一次方程/其他变式问题
FF9772B2;k>0，图象从左向右上升;/函数/一次函数/能画出一次函数的图象/k的几何特征/k>0，图象从左向右上升
FF97D8EF;若k1=k2，则平行;/函数/一次函数/一次函数的图象/直线y=k1x+b1与y=k2x+b2/若k1=k2，则平行
FFA10C64;分式除法运算;/数与式/分式/分式除法运算
